<?xml version = '1.0' encoding = 'UTF-8'?>
<Table class="oracle.dbtools.crest.model.design.relational.Table" directorySegmentName="seg_0" id="16DC53D6-5F50-FECD-052D-08FCEA86EA78" name="TIPO_COSTO">
<sourceDDLFile>prueba.sql</sourceDDLFile>
<createdBy>vvasquez</createdBy>
<createdTime>2024-10-01 02:09:20 UTC</createdTime>
<ownerDesignName>Exp3_S8_Victor_Vasquez</ownerDesignName>
<importedID>BF63BE4C-AD5E-F6FC-FBC4-FDAC4620EC42</importedID>
<allowColumnReorder>false</allowColumnReorder>
<existDependencyGenerateInDDl>true</existDependencyGenerateInDDl>
<parsed>true</parsed>
<columns itemClass="oracle.dbtools.crest.model.design.relational.Column">
<Column name="id" id="935652A2-AB49-D478-D8D1-A11ADCB847B1">
<sourceDDLFile>prueba.sql</sourceDDLFile>
<createdBy>vvasquez</createdBy>
<createdTime>2024-10-01 02:09:20 UTC</createdTime>
<ownerDesignName>Exp3_S8_Victor_Vasquez</ownerDesignName>
<importedID>2545B13C-FCCD-1BBD-7825-B8597BF5F207</importedID>
<use>0</use>
<logicalDatatype>LOGDT019</logicalDatatype>
<domain>52D9061A-176E-7F29-E28D-4E0DB71AA3D1</domain>
<defaultValue>seq_tipo_costo.NEXTVAL</defaultValue>
<ownDataTypeParameters>,,</ownDataTypeParameters>
<autoIncrementColumn>true</autoIncrementColumn>
<autoIncrementCycle>false</autoIncrementCycle>
<autoIncrementSequenceName>seq_tipo_costo</autoIncrementSequenceName>
</Column>
<Column name="nombre" id="F394DEDB-0AE8-C48A-DB17-432921D62E6A">
<sourceDDLFile>prueba.sql</sourceDDLFile>
<createdBy>vvasquez</createdBy>
<createdTime>2024-10-01 02:09:20 UTC</createdTime>
<ownerDesignName>Exp3_S8_Victor_Vasquez</ownerDesignName>
<importedID>35F20C2A-4FB7-7277-9090-4437E5420E23</importedID>
<use>0</use>
<logicalDatatype>LOGDT024</logicalDatatype>
<domain>E637A131-8FAB-89DD-EADF-3A0B5B301F3E</domain>
<ownDataTypeParameters>,,</ownDataTypeParameters>
<autoIncrementCycle>false</autoIncrementCycle>
</Column>
</columns>
<indexes itemClass="oracle.dbtools.crest.model.design.relational.Index">
<ind_PK_UK id="5975F693-EBC1-93FD-9DB0-303BBCD85055" name="PK_TIPO_COSTO">
<sourceDDLFile>prueba.sql</sourceDDLFile>
<createdBy>vvasquez</createdBy>
<createdTime>2024-10-01 02:09:20 UTC</createdTime>
<ownerDesignName>Exp3_S8_Victor_Vasquez</ownerDesignName>
<importedID>A50C3583-8D33-1449-C4EC-13FA8C9DBFE2</importedID>
<pk>true</pk>
<indexState>Primary Constraint</indexState>
<isSurrogateKey>false</isSurrogateKey>
<indexColumnUsage>
<colUsage columnID="935652A2-AB49-D478-D8D1-A11ADCB847B1"/>
</indexColumnUsage>
</ind_PK_UK>
<ind_PK_UK id="3D2D1D6C-C096-BDA0-3E8A-8891C6753A6B" name="UN_TIPO_COSTO_NOMBRE">
<sourceDDLFile>prueba.sql</sourceDDLFile>
<createdBy>vvasquez</createdBy>
<createdTime>2024-10-01 02:09:20 UTC</createdTime>
<ownerDesignName>Exp3_S8_Victor_Vasquez</ownerDesignName>
<importedID>77784725-5483-8748-5B0E-863FE4D9C536</importedID>
<indexState>Unique Constraint</indexState>
<isSurrogateKey>false</isSurrogateKey>
<indexColumnUsage>
<colUsage columnID="F394DEDB-0AE8-C48A-DB17-432921D62E6A"/>
</indexColumnUsage>
</ind_PK_UK>
</indexes>
</Table>