<?xml version = '1.0' encoding = 'UTF-8'?>
<Table class="oracle.dbtools.crest.model.design.relational.Table" directorySegmentName="seg_0" id="3787E5B3-1FCE-17D1-4A9F-7756607B4253" name="PERSONAL">
<sourceDDLFile>prueba.sql</sourceDDLFile>
<createdBy>vvasquez</createdBy>
<createdTime>2024-10-01 02:09:20 UTC</createdTime>
<ownerDesignName>Exp3_S8_Victor_Vasquez</ownerDesignName>
<importedID>906B787C-0C0F-E461-DBE7-FA8C098F096E</importedID>
<allowColumnReorder>false</allowColumnReorder>
<existDependencyGenerateInDDl>true</existDependencyGenerateInDDl>
<parsed>true</parsed>
<columns itemClass="oracle.dbtools.crest.model.design.relational.Column">
<Column name="id" id="9CF0CC17-C018-32D2-1645-3335981A124F">
<sourceDDLFile>prueba.sql</sourceDDLFile>
<createdBy>vvasquez</createdBy>
<createdTime>2024-10-01 02:09:20 UTC</createdTime>
<ownerDesignName>Exp3_S8_Victor_Vasquez</ownerDesignName>
<importedID>29DB8008-6DF6-C7E1-6AAA-3A8E879646AC</importedID>
<use>0</use>
<logicalDatatype>LOGDT019</logicalDatatype>
<domain>52D9061A-176E-7F29-E28D-4E0DB71AA3D1</domain>
<defaultValue>seq_personal.NEXTVAL</defaultValue>
<ownDataTypeParameters>,,</ownDataTypeParameters>
<autoIncrementColumn>true</autoIncrementColumn>
<autoIncrementCycle>false</autoIncrementCycle>
<autoIncrementSequenceName>seq_personal</autoIncrementSequenceName>
</Column>
<Column name="escuela_id" id="66E8B731-DFF1-E895-17A3-B1D46D7CEE37">
<sourceDDLFile>prueba.sql</sourceDDLFile>
<createdBy>vvasquez</createdBy>
<createdTime>2024-10-01 02:09:20 UTC</createdTime>
<ownerDesignName>Exp3_S8_Victor_Vasquez</ownerDesignName>
<importedID>72249356-3396-C22B-2C1F-21C6449C2BF3</importedID>
<use>0</use>
<logicalDatatype>LOGDT019</logicalDatatype>
<domain>52D9061A-176E-7F29-E28D-4E0DB71AA3D1</domain>
<ownDataTypeParameters>,,</ownDataTypeParameters>
<autoIncrementCycle>false</autoIncrementCycle>
<associations>
<colAssociation fkAssociation="F52D9FA7-C60D-D757-1468-1774739655E7" referredColumn="7A449B3B-95C2-3730-7C5D-59E99CF56197"/>
</associations>
</Column>
<Column name="profesion_id" id="A1F14CCF-8E72-B9C7-B7B3-DCB1D5B2A8CF">
<sourceDDLFile>prueba.sql</sourceDDLFile>
<createdBy>vvasquez</createdBy>
<createdTime>2024-10-01 02:09:20 UTC</createdTime>
<ownerDesignName>Exp3_S8_Victor_Vasquez</ownerDesignName>
<importedID>465D4BB1-D94F-225B-D992-1336618546D3</importedID>
<use>0</use>
<logicalDatatype>LOGDT019</logicalDatatype>
<domain>52D9061A-176E-7F29-E28D-4E0DB71AA3D1</domain>
<ownDataTypeParameters>,,</ownDataTypeParameters>
<autoIncrementCycle>false</autoIncrementCycle>
<associations>
<colAssociation fkAssociation="4E2DD9E3-411C-0619-768F-C64B9A99C077" referredColumn="C67F8370-FE80-34FB-9952-5CDCB867B00F"/>
</associations>
</Column>
<Column name="nombre" id="81CBFC24-8A98-E4B9-9440-0E4171326AE7">
<sourceDDLFile>prueba.sql</sourceDDLFile>
<createdBy>vvasquez</createdBy>
<createdTime>2024-10-01 02:09:20 UTC</createdTime>
<ownerDesignName>Exp3_S8_Victor_Vasquez</ownerDesignName>
<importedID>21F7928C-7B1C-6776-02CE-94BAFA10F899</importedID>
<use>0</use>
<logicalDatatype>LOGDT024</logicalDatatype>
<domain>A4940710-F457-4140-0498-B6529B9CBB5F</domain>
<ownDataTypeParameters>,,</ownDataTypeParameters>
<autoIncrementCycle>false</autoIncrementCycle>
</Column>
<Column name="apellido" id="729E43D6-51BE-DA0B-A095-EB4016B6E6EB">
<sourceDDLFile>prueba.sql</sourceDDLFile>
<createdBy>vvasquez</createdBy>
<createdTime>2024-10-01 02:09:20 UTC</createdTime>
<ownerDesignName>Exp3_S8_Victor_Vasquez</ownerDesignName>
<importedID>3BC73ED6-DDA7-3935-A33C-486383287C5F</importedID>
<use>0</use>
<logicalDatatype>LOGDT024</logicalDatatype>
<domain>A4940710-F457-4140-0498-B6529B9CBB5F</domain>
<ownDataTypeParameters>,,</ownDataTypeParameters>
<autoIncrementCycle>false</autoIncrementCycle>
</Column>
<Column name="nacionalidad" id="6A60E001-BB32-E87D-1C63-C1278A6C4684">
<sourceDDLFile>prueba.sql</sourceDDLFile>
<createdBy>vvasquez</createdBy>
<createdTime>2024-10-01 02:09:20 UTC</createdTime>
<ownerDesignName>Exp3_S8_Victor_Vasquez</ownerDesignName>
<importedID>207F03EC-6F02-640D-6C9B-B0905A07DB09</importedID>
<use>0</use>
<logicalDatatype>LOGDT024</logicalDatatype>
<domain>A4940710-F457-4140-0498-B6529B9CBB5F</domain>
<ownDataTypeParameters>,,</ownDataTypeParameters>
<autoIncrementCycle>false</autoIncrementCycle>
</Column>
<Column name="fecha_nacimiento" id="246C5C1A-17AA-3356-6DF7-3E1DA34E19DF">
<sourceDDLFile>prueba.sql</sourceDDLFile>
<createdBy>vvasquez</createdBy>
<createdTime>2024-10-01 02:09:20 UTC</createdTime>
<ownerDesignName>Exp3_S8_Victor_Vasquez</ownerDesignName>
<importedID>8C18C762-7FF8-B5DE-24A8-928F5CF2D81B</importedID>
<use>0</use>
<logicalDatatype>LOGDT007</logicalDatatype>
<domain>97F3A352-AB7F-6DA6-B096-03766ADD17DB</domain>
<ownDataTypeParameters>,,</ownDataTypeParameters>
<autoIncrementCycle>false</autoIncrementCycle>
</Column>
<Column name="telefono" id="32ABC56F-7286-6541-5CEA-088357A9BA5A">
<sourceDDLFile>prueba.sql</sourceDDLFile>
<createdBy>vvasquez</createdBy>
<createdTime>2024-10-01 02:09:20 UTC</createdTime>
<ownerDesignName>Exp3_S8_Victor_Vasquez</ownerDesignName>
<importedID>DDB80DCB-7B46-5EE5-B448-36435A88A66C</importedID>
<nullsAllowed>true</nullsAllowed>
<use>0</use>
<logicalDatatype>LOGDT024</logicalDatatype>
<domain>D3766EED-96E7-4A88-F95E-CBE39978A295</domain>
<ownDataTypeParameters>,,</ownDataTypeParameters>
<autoIncrementCycle>false</autoIncrementCycle>
</Column>
<Column name="email" id="ADCB0CDD-4903-3472-5DF7-0789E733BAC7">
<sourceDDLFile>prueba.sql</sourceDDLFile>
<createdBy>vvasquez</createdBy>
<createdTime>2024-10-01 02:09:20 UTC</createdTime>
<ownerDesignName>Exp3_S8_Victor_Vasquez</ownerDesignName>
<importedID>32448D8A-7896-F213-555A-B2285AF2C7E7</importedID>
<use>0</use>
<logicalDatatype>LOGDT024</logicalDatatype>
<domain>E637A131-8FAB-89DD-EADF-3A0B5B301F3E</domain>
<ownDataTypeParameters>,,</ownDataTypeParameters>
<autoIncrementCycle>false</autoIncrementCycle>
</Column>
</columns>
<indexes itemClass="oracle.dbtools.crest.model.design.relational.Index">
<ind_PK_UK id="A94BB188-773A-FED4-AD72-61A5D6569796" name="PK_PERSONAL">
<sourceDDLFile>prueba.sql</sourceDDLFile>
<createdBy>vvasquez</createdBy>
<createdTime>2024-10-01 02:09:20 UTC</createdTime>
<ownerDesignName>Exp3_S8_Victor_Vasquez</ownerDesignName>
<importedID>7FFE8AB9-B784-90D1-C24C-72097B4E74D6</importedID>
<pk>true</pk>
<indexState>Primary Constraint</indexState>
<isSurrogateKey>false</isSurrogateKey>
<indexColumnUsage>
<colUsage columnID="9CF0CC17-C018-32D2-1645-3335981A124F"/>
</indexColumnUsage>
</ind_PK_UK>
<ind_PK_UK id="A0D59B14-73D2-3B74-3C33-1006FF9069BD" name="UN_PERSONAL_EMAIL">
<sourceDDLFile>prueba.sql</sourceDDLFile>
<createdBy>vvasquez</createdBy>
<createdTime>2024-10-01 02:09:20 UTC</createdTime>
<ownerDesignName>Exp3_S8_Victor_Vasquez</ownerDesignName>
<importedID>2F3CE86C-9CFA-7FC4-F0C5-D313DF883BFB</importedID>
<indexState>Unique Constraint</indexState>
<isSurrogateKey>false</isSurrogateKey>
<indexColumnUsage>
<colUsage columnID="ADCB0CDD-4903-3472-5DF7-0789E733BAC7"/>
</indexColumnUsage>
</ind_PK_UK>
<ind_PK_UK id="A8B0025A-092E-DED4-E301-C85E3A1D9569" name="FK_PERSONAL_ESCUELA">
<createdBy>vvasquez</createdBy>
<createdTime>2024-10-01 02:09:20 UTC</createdTime>
<ownerDesignName>Exp3_S8_Victor_Vasquez</ownerDesignName>
<indexState>Foreign Key</indexState>
<isSurrogateKey>false</isSurrogateKey>
<indexColumnUsage>
<colUsage columnID="66E8B731-DFF1-E895-17A3-B1D46D7CEE37"/>
</indexColumnUsage>
</ind_PK_UK>
<ind_PK_UK id="DB27BFF2-45FA-7989-2914-FCB6C4226517" name="FK_PERSONAL_PROFESION">
<createdBy>vvasquez</createdBy>
<createdTime>2024-10-01 02:09:20 UTC</createdTime>
<ownerDesignName>Exp3_S8_Victor_Vasquez</ownerDesignName>
<indexState>Foreign Key</indexState>
<isSurrogateKey>false</isSurrogateKey>
<indexColumnUsage>
<colUsage columnID="A1F14CCF-8E72-B9C7-B7B3-DCB1D5B2A8CF"/>
</indexColumnUsage>
</ind_PK_UK>
</indexes>
</Table>