<?xml version = '1.0' encoding = 'UTF-8'?>
<Table class="oracle.dbtools.crest.model.design.relational.Table" directorySegmentName="seg_0" id="3CDDC407-39BD-BC6C-1EC6-40B548B204B2" name="COSTO">
<sourceDDLFile>prueba.sql</sourceDDLFile>
<createdBy>vvasquez</createdBy>
<createdTime>2024-10-01 02:09:20 UTC</createdTime>
<ownerDesignName>Exp3_S8_Victor_Vasquez</ownerDesignName>
<importedID>A9817374-A7FB-934B-D162-C3B31FCC5E98</importedID>
<allowColumnReorder>false</allowColumnReorder>
<existDependencyGenerateInDDl>true</existDependencyGenerateInDDl>
<parsed>true</parsed>
<columns itemClass="oracle.dbtools.crest.model.design.relational.Column">
<Column name="id" id="5CC216C6-78FF-858E-7279-9E4ECB9EE343">
<sourceDDLFile>prueba.sql</sourceDDLFile>
<createdBy>vvasquez</createdBy>
<createdTime>2024-10-01 02:09:20 UTC</createdTime>
<ownerDesignName>Exp3_S8_Victor_Vasquez</ownerDesignName>
<importedID>36FE1FDC-8A28-E6A3-A9D0-C17D94F830E8</importedID>
<use>0</use>
<logicalDatatype>LOGDT019</logicalDatatype>
<domain>52D9061A-176E-7F29-E28D-4E0DB71AA3D1</domain>
<defaultValue>seq_costo.NEXTVAL</defaultValue>
<ownDataTypeParameters>,,</ownDataTypeParameters>
<autoIncrementColumn>true</autoIncrementColumn>
<autoIncrementCycle>false</autoIncrementCycle>
<autoIncrementSequenceName>seq_costo</autoIncrementSequenceName>
</Column>
<Column name="escuela_id" id="EB277F25-248C-EBCF-8F28-C758C4D17EF3">
<sourceDDLFile>prueba.sql</sourceDDLFile>
<createdBy>vvasquez</createdBy>
<createdTime>2024-10-01 02:09:20 UTC</createdTime>
<ownerDesignName>Exp3_S8_Victor_Vasquez</ownerDesignName>
<importedID>2010E175-2AFB-8511-2C76-8FBBA57980BE</importedID>
<use>0</use>
<logicalDatatype>LOGDT019</logicalDatatype>
<domain>52D9061A-176E-7F29-E28D-4E0DB71AA3D1</domain>
<ownDataTypeParameters>,,</ownDataTypeParameters>
<autoIncrementCycle>false</autoIncrementCycle>
<associations>
<colAssociation fkAssociation="E776677B-4063-A8D0-2F50-EE43910CBDE2" referredColumn="7A449B3B-95C2-3730-7C5D-59E99CF56197"/>
</associations>
</Column>
<Column name="tipo_costo_id" id="827930FA-0A10-A316-8599-145E8894AF2B">
<sourceDDLFile>prueba.sql</sourceDDLFile>
<createdBy>vvasquez</createdBy>
<createdTime>2024-10-01 02:09:20 UTC</createdTime>
<ownerDesignName>Exp3_S8_Victor_Vasquez</ownerDesignName>
<importedID>EAD3A54A-08B8-E2EB-5E05-EE9C18BB6FAE</importedID>
<use>0</use>
<logicalDatatype>LOGDT019</logicalDatatype>
<domain>52D9061A-176E-7F29-E28D-4E0DB71AA3D1</domain>
<ownDataTypeParameters>,,</ownDataTypeParameters>
<autoIncrementCycle>false</autoIncrementCycle>
<associations>
<colAssociation fkAssociation="060FE7D5-4597-5B78-62F0-D73ABD61D632" referredColumn="935652A2-AB49-D478-D8D1-A11ADCB847B1"/>
</associations>
</Column>
<Column name="monto" id="DDB1B94B-3D89-404A-F679-5457179C00A2">
<sourceDDLFile>prueba.sql</sourceDDLFile>
<createdBy>vvasquez</createdBy>
<createdTime>2024-10-01 02:09:20 UTC</createdTime>
<ownerDesignName>Exp3_S8_Victor_Vasquez</ownerDesignName>
<importedID>165CF9C4-FD4D-E8E1-AD69-A11339510650</importedID>
<use>0</use>
<logicalDatatype>LOGDT019</logicalDatatype>
<domain>1419DD4B-7988-F31F-604E-718ED5DC4CA1</domain>
<ownDataTypeParameters>,,</ownDataTypeParameters>
<autoIncrementCycle>false</autoIncrementCycle>
</Column>
<Column name="fecha" id="73E24239-0B35-CE3F-51B5-1291B1D85578">
<sourceDDLFile>prueba.sql</sourceDDLFile>
<createdBy>vvasquez</createdBy>
<createdTime>2024-10-01 02:09:20 UTC</createdTime>
<ownerDesignName>Exp3_S8_Victor_Vasquez</ownerDesignName>
<importedID>55DBFB4C-D1C1-8319-2F91-AB7FDEAD1EEC</importedID>
<use>0</use>
<logicalDatatype>LOGDT007</logicalDatatype>
<domain>97F3A352-AB7F-6DA6-B096-03766ADD17DB</domain>
<ownDataTypeParameters>,,</ownDataTypeParameters>
<autoIncrementCycle>false</autoIncrementCycle>
</Column>
<Column name="descripcion" id="42779A2B-394F-4507-A4EC-4B79D5E90D90">
<sourceDDLFile>prueba.sql</sourceDDLFile>
<createdBy>vvasquez</createdBy>
<createdTime>2024-10-01 02:09:20 UTC</createdTime>
<ownerDesignName>Exp3_S8_Victor_Vasquez</ownerDesignName>
<importedID>C8573CEA-1635-CA88-FB0B-2BF18B64A745</importedID>
<nullsAllowed>true</nullsAllowed>
<use>0</use>
<logicalDatatype>LOGDT028</logicalDatatype>
<domain>48DBA5A9-5AB5-54B5-DDB2-74577EEABC38</domain>
<ownDataTypeParameters>,,</ownDataTypeParameters>
<autoIncrementCycle>false</autoIncrementCycle>
</Column>
</columns>
<indexes itemClass="oracle.dbtools.crest.model.design.relational.Index">
<ind_PK_UK id="592D0EB5-65D5-75BF-0AB2-1C0F329B972D" name="PK_COSTO">
<sourceDDLFile>prueba.sql</sourceDDLFile>
<createdBy>vvasquez</createdBy>
<createdTime>2024-10-01 02:09:20 UTC</createdTime>
<ownerDesignName>Exp3_S8_Victor_Vasquez</ownerDesignName>
<importedID>A9948C4F-999D-5F70-16B5-D05A3FB36130</importedID>
<pk>true</pk>
<indexState>Primary Constraint</indexState>
<isSurrogateKey>false</isSurrogateKey>
<indexColumnUsage>
<colUsage columnID="5CC216C6-78FF-858E-7279-9E4ECB9EE343"/>
</indexColumnUsage>
</ind_PK_UK>
<ind_PK_UK id="972C659C-048A-2213-D653-9617D42E4646" name="FK_COSTO_ESCUELA">
<createdBy>vvasquez</createdBy>
<createdTime>2024-10-01 02:09:20 UTC</createdTime>
<ownerDesignName>Exp3_S8_Victor_Vasquez</ownerDesignName>
<indexState>Foreign Key</indexState>
<isSurrogateKey>false</isSurrogateKey>
<indexColumnUsage>
<colUsage columnID="EB277F25-248C-EBCF-8F28-C758C4D17EF3"/>
</indexColumnUsage>
</ind_PK_UK>
<ind_PK_UK id="E303C169-A946-89CA-CECB-991939AAC856" name="FK_COSTO_TIPO">
<createdBy>vvasquez</createdBy>
<createdTime>2024-10-01 02:09:20 UTC</createdTime>
<ownerDesignName>Exp3_S8_Victor_Vasquez</ownerDesignName>
<indexState>Foreign Key</indexState>
<isSurrogateKey>false</isSurrogateKey>
<indexColumnUsage>
<colUsage columnID="827930FA-0A10-A316-8599-145E8894AF2B"/>
</indexColumnUsage>
</ind_PK_UK>
</indexes>
</Table>