<?xml version = '1.0' encoding = 'UTF-8'?>
<Table class="oracle.dbtools.crest.model.design.relational.Table" directorySegmentName="seg_0" id="55E7ADBA-5C1F-AA77-C3DB-FDB591399588" name="ESCUELA_DEPORTIVA">
<sourceDDLFile>prueba.sql</sourceDDLFile>
<createdBy>vvasquez</createdBy>
<createdTime>2024-10-01 02:09:20 UTC</createdTime>
<ownerDesignName>Exp3_S8_Victor_Vasquez</ownerDesignName>
<importedID>0C4754EA-37C0-6258-9704-A26AE38CC905</importedID>
<allowColumnReorder>false</allowColumnReorder>
<existDependencyGenerateInDDl>true</existDependencyGenerateInDDl>
<parsed>true</parsed>
<columns itemClass="oracle.dbtools.crest.model.design.relational.Column">
<Column name="id" id="7A449B3B-95C2-3730-7C5D-59E99CF56197">
<sourceDDLFile>prueba.sql</sourceDDLFile>
<createdBy>vvasquez</createdBy>
<createdTime>2024-10-01 02:09:20 UTC</createdTime>
<ownerDesignName>Exp3_S8_Victor_Vasquez</ownerDesignName>
<importedID>6FF1B5EC-5047-20ED-460E-473D3E657FDE</importedID>
<use>0</use>
<logicalDatatype>LOGDT019</logicalDatatype>
<domain>52D9061A-176E-7F29-E28D-4E0DB71AA3D1</domain>
<defaultValue>seq_escuela_deportiva.NEXTVAL</defaultValue>
<ownDataTypeParameters>,,</ownDataTypeParameters>
<autoIncrementColumn>true</autoIncrementColumn>
<autoIncrementCycle>false</autoIncrementCycle>
<autoIncrementSequenceName>seq_escuela_deportiva</autoIncrementSequenceName>
</Column>
<Column name="nombre" id="A1C18BC4-4BC4-2910-D6AC-7CCD09A564AD">
<sourceDDLFile>prueba.sql</sourceDDLFile>
<createdBy>vvasquez</createdBy>
<createdTime>2024-10-01 02:09:20 UTC</createdTime>
<ownerDesignName>Exp3_S8_Victor_Vasquez</ownerDesignName>
<importedID>AEA8F703-38D7-7AFB-5EF3-2E0B66B1B1E1</importedID>
<use>0</use>
<logicalDatatype>LOGDT024</logicalDatatype>
<domain>E637A131-8FAB-89DD-EADF-3A0B5B301F3E</domain>
<ownDataTypeParameters>,,</ownDataTypeParameters>
<autoIncrementCycle>false</autoIncrementCycle>
</Column>
<Column name="tipo_id" id="2B664B1D-F3EE-1B3A-2149-93BA5D9701FE">
<sourceDDLFile>prueba.sql</sourceDDLFile>
<createdBy>vvasquez</createdBy>
<createdTime>2024-10-01 02:09:20 UTC</createdTime>
<ownerDesignName>Exp3_S8_Victor_Vasquez</ownerDesignName>
<importedID>1EFB4C5E-EE2B-4BF6-3D64-7856A229131E</importedID>
<use>0</use>
<logicalDatatype>LOGDT019</logicalDatatype>
<domain>52D9061A-176E-7F29-E28D-4E0DB71AA3D1</domain>
<ownDataTypeParameters>,,</ownDataTypeParameters>
<autoIncrementCycle>false</autoIncrementCycle>
<associations>
<colAssociation fkAssociation="88D86941-4A9C-2D90-49AC-B5C44D54F1FD" referredColumn="96DC5E1E-4910-9A02-3B57-17E0BFC9DC20"/>
</associations>
</Column>
<Column name="direccion" id="441EA8E9-45B1-349E-A963-A362BC71AF2E">
<sourceDDLFile>prueba.sql</sourceDDLFile>
<createdBy>vvasquez</createdBy>
<createdTime>2024-10-01 02:09:20 UTC</createdTime>
<ownerDesignName>Exp3_S8_Victor_Vasquez</ownerDesignName>
<importedID>A92109B5-3FB9-69FB-B212-E23C1ADD4250</importedID>
<use>0</use>
<logicalDatatype>LOGDT024</logicalDatatype>
<domain>89699C69-136C-D211-771C-4D88A9B23507</domain>
<ownDataTypeParameters>,,</ownDataTypeParameters>
<autoIncrementCycle>false</autoIncrementCycle>
</Column>
<Column name="ciudad" id="D5031B51-9F28-CA41-C648-28CF772E4766">
<sourceDDLFile>prueba.sql</sourceDDLFile>
<createdBy>vvasquez</createdBy>
<createdTime>2024-10-01 02:09:20 UTC</createdTime>
<ownerDesignName>Exp3_S8_Victor_Vasquez</ownerDesignName>
<importedID>83FA181C-6E00-090F-95FA-14C325268BF3</importedID>
<use>0</use>
<logicalDatatype>LOGDT024</logicalDatatype>
<domain>E637A131-8FAB-89DD-EADF-3A0B5B301F3E</domain>
<ownDataTypeParameters>,,</ownDataTypeParameters>
<autoIncrementCycle>false</autoIncrementCycle>
</Column>
<Column name="region" id="B5B412EB-FE4C-D3CA-1D4F-3E009334B1D2">
<sourceDDLFile>prueba.sql</sourceDDLFile>
<createdBy>vvasquez</createdBy>
<createdTime>2024-10-01 02:09:20 UTC</createdTime>
<ownerDesignName>Exp3_S8_Victor_Vasquez</ownerDesignName>
<importedID>0167A768-1E50-CFBA-368E-049FBD633E67</importedID>
<use>0</use>
<logicalDatatype>LOGDT024</logicalDatatype>
<domain>E637A131-8FAB-89DD-EADF-3A0B5B301F3E</domain>
<ownDataTypeParameters>,,</ownDataTypeParameters>
<autoIncrementCycle>false</autoIncrementCycle>
</Column>
<Column name="telefono" id="15E705BD-3581-4526-B13A-0628BA359ABC">
<sourceDDLFile>prueba.sql</sourceDDLFile>
<createdBy>vvasquez</createdBy>
<createdTime>2024-10-01 02:09:20 UTC</createdTime>
<ownerDesignName>Exp3_S8_Victor_Vasquez</ownerDesignName>
<importedID>A5EB4251-F866-3F69-13F6-634433217F36</importedID>
<nullsAllowed>true</nullsAllowed>
<use>0</use>
<logicalDatatype>LOGDT024</logicalDatatype>
<domain>D3766EED-96E7-4A88-F95E-CBE39978A295</domain>
<ownDataTypeParameters>,,</ownDataTypeParameters>
<autoIncrementCycle>false</autoIncrementCycle>
</Column>
<Column name="email" id="038374F6-078C-783D-4F45-A5085C64F4F6">
<sourceDDLFile>prueba.sql</sourceDDLFile>
<createdBy>vvasquez</createdBy>
<createdTime>2024-10-01 02:09:20 UTC</createdTime>
<ownerDesignName>Exp3_S8_Victor_Vasquez</ownerDesignName>
<importedID>09213C75-2634-0C6B-790A-4B192670909D</importedID>
<nullsAllowed>true</nullsAllowed>
<use>0</use>
<logicalDatatype>LOGDT024</logicalDatatype>
<domain>E637A131-8FAB-89DD-EADF-3A0B5B301F3E</domain>
<ownDataTypeParameters>,,</ownDataTypeParameters>
<autoIncrementCycle>false</autoIncrementCycle>
</Column>
</columns>
<indexes itemClass="oracle.dbtools.crest.model.design.relational.Index">
<ind_PK_UK id="B913DBD8-4F6A-A096-2B7B-7B2FDF26A8E5" name="PK_ESCUELA_DEPORTIVA">
<sourceDDLFile>prueba.sql</sourceDDLFile>
<createdBy>vvasquez</createdBy>
<createdTime>2024-10-01 02:09:20 UTC</createdTime>
<ownerDesignName>Exp3_S8_Victor_Vasquez</ownerDesignName>
<importedID>A6FFAD85-C016-2372-211A-65826589268B</importedID>
<pk>true</pk>
<indexState>Primary Constraint</indexState>
<isSurrogateKey>false</isSurrogateKey>
<indexColumnUsage>
<colUsage columnID="7A449B3B-95C2-3730-7C5D-59E99CF56197"/>
</indexColumnUsage>
</ind_PK_UK>
<ind_PK_UK id="AA240551-3C4F-4A96-3FA5-A9BF34E45F87" name="UN_ESCUELA_NOMBRE">
<sourceDDLFile>prueba.sql</sourceDDLFile>
<createdBy>vvasquez</createdBy>
<createdTime>2024-10-01 02:09:20 UTC</createdTime>
<ownerDesignName>Exp3_S8_Victor_Vasquez</ownerDesignName>
<importedID>34D09EF6-9381-7C79-E72E-0AAA73B53478</importedID>
<indexState>Unique Constraint</indexState>
<isSurrogateKey>false</isSurrogateKey>
<indexColumnUsage>
<colUsage columnID="A1C18BC4-4BC4-2910-D6AC-7CCD09A564AD"/>
</indexColumnUsage>
</ind_PK_UK>
<ind_PK_UK id="AC5C8311-76F1-42EE-D2C1-0FF7EFE4ACBF" name="UN_ESCUELA_EMAIL">
<sourceDDLFile>prueba.sql</sourceDDLFile>
<createdBy>vvasquez</createdBy>
<createdTime>2024-10-01 02:09:20 UTC</createdTime>
<ownerDesignName>Exp3_S8_Victor_Vasquez</ownerDesignName>
<importedID>4794289D-FA22-A06C-40C6-2FA9FAAAF846</importedID>
<indexState>Unique Constraint</indexState>
<isSurrogateKey>false</isSurrogateKey>
<indexColumnUsage>
<colUsage columnID="038374F6-078C-783D-4F45-A5085C64F4F6"/>
</indexColumnUsage>
</ind_PK_UK>
<ind_PK_UK id="5D3A5A9D-7DB6-38BB-09A7-1DA0C6D117D9" name="FK_ESCUELA_TIPO">
<createdBy>vvasquez</createdBy>
<createdTime>2024-10-01 02:09:20 UTC</createdTime>
<ownerDesignName>Exp3_S8_Victor_Vasquez</ownerDesignName>
<indexState>Foreign Key</indexState>
<isSurrogateKey>false</isSurrogateKey>
<indexColumnUsage>
<colUsage columnID="2B664B1D-F3EE-1B3A-2149-93BA5D9701FE"/>
</indexColumnUsage>
</ind_PK_UK>
</indexes>
</Table>