<?xml version = '1.0' encoding = 'UTF-8'?>
<Table class="oracle.dbtools.crest.model.design.relational.Table" directorySegmentName="seg_0" id="6D954BC4-C59B-21D9-19BD-879C6DB20A34" name="TIPO_INSTALACION">
<sourceDDLFile>prueba.sql</sourceDDLFile>
<createdBy>vvasquez</createdBy>
<createdTime>2024-10-01 02:09:20 UTC</createdTime>
<ownerDesignName>Exp3_S8_Victor_Vasquez</ownerDesignName>
<importedID>A7749E4B-8BCC-B5AD-BBA9-DE690569E705</importedID>
<allowColumnReorder>false</allowColumnReorder>
<existDependencyGenerateInDDl>true</existDependencyGenerateInDDl>
<parsed>true</parsed>
<columns itemClass="oracle.dbtools.crest.model.design.relational.Column">
<Column name="id" id="728D63A2-5D92-B5FC-F3FF-264BC884F17D">
<sourceDDLFile>prueba.sql</sourceDDLFile>
<createdBy>vvasquez</createdBy>
<createdTime>2024-10-01 02:09:20 UTC</createdTime>
<ownerDesignName>Exp3_S8_Victor_Vasquez</ownerDesignName>
<importedID>362CCFF3-4B5D-1125-BCD9-C2A512512F70</importedID>
<use>0</use>
<logicalDatatype>LOGDT019</logicalDatatype>
<domain>52D9061A-176E-7F29-E28D-4E0DB71AA3D1</domain>
<defaultValue>seq_tipo_instalacion.NEXTVAL</defaultValue>
<ownDataTypeParameters>,,</ownDataTypeParameters>
<autoIncrementColumn>true</autoIncrementColumn>
<autoIncrementCycle>false</autoIncrementCycle>
<autoIncrementSequenceName>seq_tipo_instalacion</autoIncrementSequenceName>
</Column>
<Column name="nombre" id="A35598A5-0605-1A9E-6C19-F9EE9C0C25C5">
<sourceDDLFile>prueba.sql</sourceDDLFile>
<createdBy>vvasquez</createdBy>
<createdTime>2024-10-01 02:09:20 UTC</createdTime>
<ownerDesignName>Exp3_S8_Victor_Vasquez</ownerDesignName>
<importedID>0D217B71-2601-099E-1B2E-67BD7F8717E1</importedID>
<use>0</use>
<logicalDatatype>LOGDT024</logicalDatatype>
<domain>A4940710-F457-4140-0498-B6529B9CBB5F</domain>
<ownDataTypeParameters>,,</ownDataTypeParameters>
<autoIncrementCycle>false</autoIncrementCycle>
</Column>
</columns>
<indexes itemClass="oracle.dbtools.crest.model.design.relational.Index">
<ind_PK_UK id="E5190668-490B-896E-E879-14A1BA58EE7D" name="PK_TIPO_INSTALACION">
<sourceDDLFile>prueba.sql</sourceDDLFile>
<createdBy>vvasquez</createdBy>
<createdTime>2024-10-01 02:09:20 UTC</createdTime>
<ownerDesignName>Exp3_S8_Victor_Vasquez</ownerDesignName>
<importedID>752AA3BE-9890-8178-20D4-A407BEE94AB1</importedID>
<pk>true</pk>
<indexState>Primary Constraint</indexState>
<isSurrogateKey>false</isSurrogateKey>
<indexColumnUsage>
<colUsage columnID="728D63A2-5D92-B5FC-F3FF-264BC884F17D"/>
</indexColumnUsage>
</ind_PK_UK>
<ind_PK_UK id="143B1B64-CDB4-06B0-ADD0-A47A10CF53D0" name="UN_TIPO_INSTALACION_NOMBRE">
<sourceDDLFile>prueba.sql</sourceDDLFile>
<createdBy>vvasquez</createdBy>
<createdTime>2024-10-01 02:09:20 UTC</createdTime>
<ownerDesignName>Exp3_S8_Victor_Vasquez</ownerDesignName>
<importedID>70701139-1F0D-13E9-26DE-ADFE5958D868</importedID>
<indexState>Unique Constraint</indexState>
<isSurrogateKey>false</isSurrogateKey>
<indexColumnUsage>
<colUsage columnID="A35598A5-0605-1A9E-6C19-F9EE9C0C25C5"/>
</indexColumnUsage>
</ind_PK_UK>
</indexes>
</Table>