<?xml version = '1.0' encoding = 'UTF-8'?>
<Table class="oracle.dbtools.crest.model.design.relational.Table" directorySegmentName="seg_0" id="A4B9FD3E-ECE1-79F2-72D3-6502A85B7115" name="ESTADO_SOLICITUD">
<sourceDDLFile>prueba.sql</sourceDDLFile>
<createdBy>vvasquez</createdBy>
<createdTime>2024-10-01 02:09:20 UTC</createdTime>
<ownerDesignName>Exp3_S8_Victor_Vasquez</ownerDesignName>
<importedID>1FBDEE47-CFDC-2B94-9A2F-4D869A52962B</importedID>
<allowColumnReorder>false</allowColumnReorder>
<existDependencyGenerateInDDl>true</existDependencyGenerateInDDl>
<parsed>true</parsed>
<columns itemClass="oracle.dbtools.crest.model.design.relational.Column">
<Column name="id" id="B6618FCE-C32F-BCCB-EDF1-6DA795D12056">
<sourceDDLFile>prueba.sql</sourceDDLFile>
<createdBy>vvasquez</createdBy>
<createdTime>2024-10-01 02:09:20 UTC</createdTime>
<ownerDesignName>Exp3_S8_Victor_Vasquez</ownerDesignName>
<importedID>6588C40F-89FA-83DA-D99A-A47DD6D515E0</importedID>
<use>0</use>
<logicalDatatype>LOGDT019</logicalDatatype>
<domain>52D9061A-176E-7F29-E28D-4E0DB71AA3D1</domain>
<defaultValue>seq_estado_solicitud.NEXTVAL</defaultValue>
<ownDataTypeParameters>,,</ownDataTypeParameters>
<autoIncrementColumn>true</autoIncrementColumn>
<autoIncrementCycle>false</autoIncrementCycle>
<autoIncrementSequenceName>seq_estado_solicitud</autoIncrementSequenceName>
</Column>
<Column name="nombre" id="EA5D281D-76A5-5422-2A1E-9615DF08C2DF">
<sourceDDLFile>prueba.sql</sourceDDLFile>
<createdBy>vvasquez</createdBy>
<createdTime>2024-10-01 02:09:20 UTC</createdTime>
<ownerDesignName>Exp3_S8_Victor_Vasquez</ownerDesignName>
<importedID>54446413-E8BC-7291-06DA-5625EE1D7343</importedID>
<use>0</use>
<logicalDatatype>LOGDT024</logicalDatatype>
<domain>D3766EED-96E7-4A88-F95E-CBE39978A295</domain>
<ownDataTypeParameters>,,</ownDataTypeParameters>
<autoIncrementCycle>false</autoIncrementCycle>
</Column>
</columns>
<indexes itemClass="oracle.dbtools.crest.model.design.relational.Index">
<ind_PK_UK id="5796E178-7ECA-C2AB-28A2-DEDF29BBC537" name="PK_ESTADO_SOLICITUD">
<sourceDDLFile>prueba.sql</sourceDDLFile>
<createdBy>vvasquez</createdBy>
<createdTime>2024-10-01 02:09:20 UTC</createdTime>
<ownerDesignName>Exp3_S8_Victor_Vasquez</ownerDesignName>
<importedID>EFF99592-098E-78F0-48DA-68050241E846</importedID>
<pk>true</pk>
<indexState>Primary Constraint</indexState>
<isSurrogateKey>false</isSurrogateKey>
<indexColumnUsage>
<colUsage columnID="B6618FCE-C32F-BCCB-EDF1-6DA795D12056"/>
</indexColumnUsage>
</ind_PK_UK>
<ind_PK_UK id="4C3F3A74-CCE2-5E8C-58B3-6AE7F8398A08" name="UN_ESTADO_SOLICITUD_NOMBRE">
<sourceDDLFile>prueba.sql</sourceDDLFile>
<createdBy>vvasquez</createdBy>
<createdTime>2024-10-01 02:09:20 UTC</createdTime>
<ownerDesignName>Exp3_S8_Victor_Vasquez</ownerDesignName>
<importedID>4D1B619E-CA8D-E05F-CC97-F7A8519A30F9</importedID>
<indexState>Unique Constraint</indexState>
<isSurrogateKey>false</isSurrogateKey>
<indexColumnUsage>
<colUsage columnID="EA5D281D-76A5-5422-2A1E-9615DF08C2DF"/>
</indexColumnUsage>
</ind_PK_UK>
</indexes>
</Table>