<?xml version = '1.0' encoding = 'UTF-8'?>
<Table class="oracle.dbtools.crest.model.design.relational.Table" directorySegmentName="seg_0" id="BA891E93-31AE-8EB2-7BF8-00FFF9EB2135" name="SOLICITUD_FONDOS">
<sourceDDLFile>prueba.sql</sourceDDLFile>
<createdBy>vvasquez</createdBy>
<createdTime>2024-10-01 02:09:20 UTC</createdTime>
<ownerDesignName>Exp3_S8_Victor_Vasquez</ownerDesignName>
<importedID>EBDAD0DA-E746-30C5-BDED-2064755B1519</importedID>
<allowColumnReorder>false</allowColumnReorder>
<existDependencyGenerateInDDl>true</existDependencyGenerateInDDl>
<parsed>true</parsed>
<columns itemClass="oracle.dbtools.crest.model.design.relational.Column">
<Column name="id" id="E376BD85-C7CF-2EF0-DF79-7C948B1351D3">
<sourceDDLFile>prueba.sql</sourceDDLFile>
<createdBy>vvasquez</createdBy>
<createdTime>2024-10-01 02:09:20 UTC</createdTime>
<ownerDesignName>Exp3_S8_Victor_Vasquez</ownerDesignName>
<importedID>720F0E4B-D05B-7711-A2B9-8A82656A296F</importedID>
<use>0</use>
<logicalDatatype>LOGDT019</logicalDatatype>
<domain>52D9061A-176E-7F29-E28D-4E0DB71AA3D1</domain>
<defaultValue>seq_solicitud_fondos.NEXTVAL</defaultValue>
<ownDataTypeParameters>,,</ownDataTypeParameters>
<autoIncrementColumn>true</autoIncrementColumn>
<autoIncrementCycle>false</autoIncrementCycle>
<autoIncrementSequenceName>seq_solicitud_fondos</autoIncrementSequenceName>
</Column>
<Column name="escuela_id" id="9A52D7B0-8F59-7AA9-DF19-155AD172C2DC">
<sourceDDLFile>prueba.sql</sourceDDLFile>
<createdBy>vvasquez</createdBy>
<createdTime>2024-10-01 02:09:20 UTC</createdTime>
<ownerDesignName>Exp3_S8_Victor_Vasquez</ownerDesignName>
<importedID>63F69937-F863-8549-2BBD-8F37264A870D</importedID>
<use>0</use>
<logicalDatatype>LOGDT019</logicalDatatype>
<domain>52D9061A-176E-7F29-E28D-4E0DB71AA3D1</domain>
<ownDataTypeParameters>,,</ownDataTypeParameters>
<autoIncrementCycle>false</autoIncrementCycle>
<associations>
<colAssociation fkAssociation="47CACC2E-C30A-3135-F163-41AE9A0641CC" referredColumn="7A449B3B-95C2-3730-7C5D-59E99CF56197"/>
</associations>
</Column>
<Column name="monto_solicitado" id="BB17B391-9B22-9243-D611-7C2F4120382B">
<sourceDDLFile>prueba.sql</sourceDDLFile>
<createdBy>vvasquez</createdBy>
<createdTime>2024-10-01 02:09:20 UTC</createdTime>
<ownerDesignName>Exp3_S8_Victor_Vasquez</ownerDesignName>
<importedID>4E41B653-0C01-FE93-79B2-8757C4347688</importedID>
<use>0</use>
<logicalDatatype>LOGDT019</logicalDatatype>
<domain>1419DD4B-7988-F31F-604E-718ED5DC4CA1</domain>
<ownDataTypeParameters>,,</ownDataTypeParameters>
<autoIncrementCycle>false</autoIncrementCycle>
</Column>
<Column name="fecha_solicitud" id="7186E911-F74A-D601-58FA-94C686E822AE">
<sourceDDLFile>prueba.sql</sourceDDLFile>
<createdBy>vvasquez</createdBy>
<createdTime>2024-10-01 02:09:20 UTC</createdTime>
<ownerDesignName>Exp3_S8_Victor_Vasquez</ownerDesignName>
<importedID>AA3248BC-CC8B-B354-53AD-B9175E5602B8</importedID>
<use>0</use>
<logicalDatatype>LOGDT007</logicalDatatype>
<domain>97F3A352-AB7F-6DA6-B096-03766ADD17DB</domain>
<ownDataTypeParameters>,,</ownDataTypeParameters>
<autoIncrementCycle>false</autoIncrementCycle>
</Column>
<Column name="estado_id" id="3C57637C-BFC5-9766-94D7-C3DBBDCEC818">
<sourceDDLFile>prueba.sql</sourceDDLFile>
<createdBy>vvasquez</createdBy>
<createdTime>2024-10-01 02:09:20 UTC</createdTime>
<ownerDesignName>Exp3_S8_Victor_Vasquez</ownerDesignName>
<importedID>425EEEAA-251D-18D2-C4C6-4394800472C1</importedID>
<use>0</use>
<logicalDatatype>LOGDT019</logicalDatatype>
<domain>52D9061A-176E-7F29-E28D-4E0DB71AA3D1</domain>
<ownDataTypeParameters>,,</ownDataTypeParameters>
<autoIncrementCycle>false</autoIncrementCycle>
<associations>
<colAssociation fkAssociation="DE3F5296-5A90-CE61-EB95-D7D863B54811" referredColumn="B6618FCE-C32F-BCCB-EDF1-6DA795D12056"/>
</associations>
</Column>
<Column name="justificacion" id="5C0E48C0-D908-488B-34FA-CA0F1FC6AB15">
<sourceDDLFile>prueba.sql</sourceDDLFile>
<createdBy>vvasquez</createdBy>
<createdTime>2024-10-01 02:09:20 UTC</createdTime>
<ownerDesignName>Exp3_S8_Victor_Vasquez</ownerDesignName>
<importedID>1FDF12FD-9DCD-ABB2-78EF-554ECC71F276</importedID>
<nullsAllowed>true</nullsAllowed>
<use>0</use>
<logicalDatatype>LOGDT028</logicalDatatype>
<domain>48DBA5A9-5AB5-54B5-DDB2-74577EEABC38</domain>
<ownDataTypeParameters>,,</ownDataTypeParameters>
<autoIncrementCycle>false</autoIncrementCycle>
</Column>
</columns>
<indexes itemClass="oracle.dbtools.crest.model.design.relational.Index">
<ind_PK_UK id="E54E12A8-570A-23ED-50C0-2F6035E91241" name="PK_SOLICITUD_FONDOS">
<sourceDDLFile>prueba.sql</sourceDDLFile>
<createdBy>vvasquez</createdBy>
<createdTime>2024-10-01 02:09:20 UTC</createdTime>
<ownerDesignName>Exp3_S8_Victor_Vasquez</ownerDesignName>
<importedID>5B435C2C-DC57-A302-9E5D-BC87D841BF46</importedID>
<pk>true</pk>
<indexState>Primary Constraint</indexState>
<isSurrogateKey>false</isSurrogateKey>
<indexColumnUsage>
<colUsage columnID="E376BD85-C7CF-2EF0-DF79-7C948B1351D3"/>
</indexColumnUsage>
</ind_PK_UK>
<ind_PK_UK id="3B1AF991-C673-3437-EC80-1A59715FEEB2" name="FK_SOLICITUD_ESCUELA">
<createdBy>vvasquez</createdBy>
<createdTime>2024-10-01 02:09:20 UTC</createdTime>
<ownerDesignName>Exp3_S8_Victor_Vasquez</ownerDesignName>
<indexState>Foreign Key</indexState>
<isSurrogateKey>false</isSurrogateKey>
<indexColumnUsage>
<colUsage columnID="9A52D7B0-8F59-7AA9-DF19-155AD172C2DC"/>
</indexColumnUsage>
</ind_PK_UK>
<ind_PK_UK id="9DB9C786-D596-0C67-B3B0-B1ABCF89E2AC" name="FK_SOLICITUD_ESTADO">
<createdBy>vvasquez</createdBy>
<createdTime>2024-10-01 02:09:20 UTC</createdTime>
<ownerDesignName>Exp3_S8_Victor_Vasquez</ownerDesignName>
<indexState>Foreign Key</indexState>
<isSurrogateKey>false</isSurrogateKey>
<indexColumnUsage>
<colUsage columnID="3C57637C-BFC5-9766-94D7-C3DBBDCEC818"/>
</indexColumnUsage>
</ind_PK_UK>
</indexes>
</Table>