<?xml version = '1.0' encoding = 'UTF-8'?>
<Table class="oracle.dbtools.crest.model.design.relational.Table" directorySegmentName="seg_0" id="C7B6968B-E3D0-5A55-F9BA-8B31755F6C70" name="TIPO_ESCUELA">
<sourceDDLFile>prueba.sql</sourceDDLFile>
<createdBy>vvasquez</createdBy>
<createdTime>2024-10-01 02:09:20 UTC</createdTime>
<ownerDesignName>Exp3_S8_Victor_Vasquez</ownerDesignName>
<importedID>1C116C05-9C13-E9D1-873D-7D3DF07B3545</importedID>
<allowColumnReorder>false</allowColumnReorder>
<existDependencyGenerateInDDl>true</existDependencyGenerateInDDl>
<parsed>true</parsed>
<columns itemClass="oracle.dbtools.crest.model.design.relational.Column">
<Column name="id" id="96DC5E1E-4910-9A02-3B57-17E0BFC9DC20">
<sourceDDLFile>prueba.sql</sourceDDLFile>
<createdBy>vvasquez</createdBy>
<createdTime>2024-10-01 02:09:20 UTC</createdTime>
<ownerDesignName>Exp3_S8_Victor_Vasquez</ownerDesignName>
<importedID>42905D8B-6B72-36E1-3F48-8B144BF828E0</importedID>
<use>0</use>
<logicalDatatype>LOGDT019</logicalDatatype>
<domain>52D9061A-176E-7F29-E28D-4E0DB71AA3D1</domain>
<defaultValue>seq_tipo_escuela.NEXTVAL</defaultValue>
<ownDataTypeParameters>,,</ownDataTypeParameters>
<autoIncrementColumn>true</autoIncrementColumn>
<autoIncrementCycle>false</autoIncrementCycle>
<autoIncrementSequenceName>seq_tipo_escuela</autoIncrementSequenceName>
</Column>
<Column name="nombre" id="DAB868D6-AF43-BFF9-2AD7-612E1A5B4757">
<sourceDDLFile>prueba.sql</sourceDDLFile>
<createdBy>vvasquez</createdBy>
<createdTime>2024-10-01 02:09:20 UTC</createdTime>
<ownerDesignName>Exp3_S8_Victor_Vasquez</ownerDesignName>
<importedID>FBC241CE-EF27-48E1-07CF-6C36A294904B</importedID>
<use>0</use>
<logicalDatatype>LOGDT024</logicalDatatype>
<domain>A4940710-F457-4140-0498-B6529B9CBB5F</domain>
<ownDataTypeParameters>,,</ownDataTypeParameters>
<autoIncrementCycle>false</autoIncrementCycle>
</Column>
</columns>
<indexes itemClass="oracle.dbtools.crest.model.design.relational.Index">
<ind_PK_UK id="678402FC-8565-4613-7DDF-F013AE6447D6" name="PK_TIPO_ESCUELA">
<sourceDDLFile>prueba.sql</sourceDDLFile>
<createdBy>vvasquez</createdBy>
<createdTime>2024-10-01 02:09:20 UTC</createdTime>
<ownerDesignName>Exp3_S8_Victor_Vasquez</ownerDesignName>
<importedID>6FC0C3C8-744A-6C11-5F15-F0F0F43BC7B5</importedID>
<pk>true</pk>
<indexState>Primary Constraint</indexState>
<isSurrogateKey>false</isSurrogateKey>
<indexColumnUsage>
<colUsage columnID="96DC5E1E-4910-9A02-3B57-17E0BFC9DC20"/>
</indexColumnUsage>
</ind_PK_UK>
<ind_PK_UK id="62928AB7-C1C6-9816-1F7E-6BBFEB17BE10" name="UN_TIPO_ESCUELA_NOMBRE">
<sourceDDLFile>prueba.sql</sourceDDLFile>
<createdBy>vvasquez</createdBy>
<createdTime>2024-10-01 02:09:20 UTC</createdTime>
<ownerDesignName>Exp3_S8_Victor_Vasquez</ownerDesignName>
<importedID>5E0A0B01-8130-BB1C-B924-0E5B49F389FB</importedID>
<indexState>Unique Constraint</indexState>
<isSurrogateKey>false</isSurrogateKey>
<indexColumnUsage>
<colUsage columnID="DAB868D6-AF43-BFF9-2AD7-612E1A5B4757"/>
</indexColumnUsage>
</ind_PK_UK>
</indexes>
</Table>