<?xml version = '1.0' encoding = 'UTF-8'?>
<Entity class="oracle.dbtools.crest.model.design.logical.Entity" directorySegmentName="seg_0" id="51D8048A-A469-8ED2-75AA-18C62682F1E0" name="ESTADO SOLICITUD">
<createdBy>vvasquez</createdBy>
<createdTime>2024-10-01 02:09:40 UTC</createdTime>
<generatorID>A4B9FD3E-ECE1-79F2-72D3-6502A85B7115</generatorID>
<ownerDesignName>Exp3_S8_Victor_Vasquez</ownerDesignName>
<engineerTo>
<item key="26FE87D2-F42D-9673-289C-C94687C2318C" value="true"/>
</engineerTo>
<adequatelyNormalized>NO</adequatelyNormalized>
<expectedVolumes>0</expectedVolumes>
<fwdEngineeringStrategyName>Single Table</fwdEngineeringStrategyName>
<growthPercent>0</growthPercent>
<growthType>Year</growthType>
<maxVolumes>9999999</maxVolumes>
<minVolumes>0</minVolumes>
<normalForm>Third</normalForm>
<attributes itemClass="oracle.dbtools.crest.model.design.logical.Attribute">
<Attribute name="id" id="B61C90FB-5ABC-8788-EF41-4631DD21A2BE">
<createdBy>vvasquez</createdBy>
<createdTime>2024-10-01 02:09:40 UTC</createdTime>
<generatorID>B6618FCE-C32F-BCCB-EDF1-6DA795D12056</generatorID>
<ownerDesignName>Exp3_S8_Victor_Vasquez</ownerDesignName>
<engineerTo>
<item key="26FE87D2-F42D-9673-289C-C94687C2318C" value="true"/>
</engineerTo>
<use>0</use>
<logicalDatatype>LOGDT019</logicalDatatype>
<domain>52D9061A-176E-7F29-E28D-4E0DB71AA3D1</domain>
<defaultValue>seq_estado_solicitud.NEXTVAL</defaultValue>
<ownDataTypeParameters>,,</ownDataTypeParameters>
</Attribute>
<Attribute name="nombre" id="D44DF37F-B9FE-AEB0-9371-5AF890503C7B">
<createdBy>vvasquez</createdBy>
<createdTime>2024-10-01 02:09:40 UTC</createdTime>
<generatorID>EA5D281D-76A5-5422-2A1E-9615DF08C2DF</generatorID>
<ownerDesignName>Exp3_S8_Victor_Vasquez</ownerDesignName>
<engineerTo>
<item key="26FE87D2-F42D-9673-289C-C94687C2318C" value="true"/>
</engineerTo>
<use>0</use>
<logicalDatatype>LOGDT024</logicalDatatype>
<domain>D3766EED-96E7-4A88-F95E-CBE39978A295</domain>
<ownDataTypeParameters>,,</ownDataTypeParameters>
</Attribute>
</attributes>
<identifiers itemClass="oracle.dbtools.crest.model.design.logical.CandidateKey">
<identifier id="B1012F1F-9DE1-5853-B9EB-E216C6A72CF4" name="PK ESTADO SOLICITUD">
<createdBy>vvasquez</createdBy>
<createdTime>2024-10-01 02:09:40 UTC</createdTime>
<generatorID>5796E178-7ECA-C2AB-28A2-DEDF29BBC537</generatorID>
<ownerDesignName>Exp3_S8_Victor_Vasquez</ownerDesignName>
<engineerTo>
<item key="26FE87D2-F42D-9673-289C-C94687C2318C" value="true"/>
</engineerTo>
<pk>true</pk>
<usedAttributes>
<attributeRef>B61C90FB-5ABC-8788-EF41-4631DD21A2BE</attributeRef>
</usedAttributes>
</identifier>
<identifier id="59457D27-B87A-5575-9C85-72F06A99263D" name="UN ESTADO SOLICITUD NOMBRE">
<createdBy>vvasquez</createdBy>
<createdTime>2024-10-01 02:09:40 UTC</createdTime>
<generatorID>4C3F3A74-CCE2-5E8C-58B3-6AE7F8398A08</generatorID>
<ownerDesignName>Exp3_S8_Victor_Vasquez</ownerDesignName>
<engineerTo>
<item key="26FE87D2-F42D-9673-289C-C94687C2318C" value="true"/>
</engineerTo>
<usedAttributes>
<attributeRef>D44DF37F-B9FE-AEB0-9371-5AF890503C7B</attributeRef>
</usedAttributes>
</identifier>
</identifiers>
</Entity>