<?xml version = '1.0' encoding = 'UTF-8'?>
<Entity class="oracle.dbtools.crest.model.design.logical.Entity" directorySegmentName="seg_0" id="7ED01A15-5047-D824-A6F9-33E8542FE8DD" name="TIPO INSTALACION">
<createdBy>vvasquez</createdBy>
<createdTime>2024-10-01 02:09:40 UTC</createdTime>
<generatorID>6D954BC4-C59B-21D9-19BD-879C6DB20A34</generatorID>
<ownerDesignName>Exp3_S8_Victor_Vasquez</ownerDesignName>
<engineerTo>
<item key="26FE87D2-F42D-9673-289C-C94687C2318C" value="true"/>
</engineerTo>
<adequatelyNormalized>NO</adequatelyNormalized>
<expectedVolumes>0</expectedVolumes>
<fwdEngineeringStrategyName>Single Table</fwdEngineeringStrategyName>
<growthPercent>0</growthPercent>
<growthType>Year</growthType>
<maxVolumes>9999999</maxVolumes>
<minVolumes>0</minVolumes>
<normalForm>Third</normalForm>
<attributes itemClass="oracle.dbtools.crest.model.design.logical.Attribute">
<Attribute name="id" id="5ADBBD13-343C-9BFD-556D-46275FAB94AB">
<createdBy>vvasquez</createdBy>
<createdTime>2024-10-01 02:09:40 UTC</createdTime>
<generatorID>728D63A2-5D92-B5FC-F3FF-264BC884F17D</generatorID>
<ownerDesignName>Exp3_S8_Victor_Vasquez</ownerDesignName>
<engineerTo>
<item key="26FE87D2-F42D-9673-289C-C94687C2318C" value="true"/>
</engineerTo>
<use>0</use>
<logicalDatatype>LOGDT019</logicalDatatype>
<domain>52D9061A-176E-7F29-E28D-4E0DB71AA3D1</domain>
<defaultValue>seq_tipo_instalacion.NEXTVAL</defaultValue>
<ownDataTypeParameters>,,</ownDataTypeParameters>
</Attribute>
<Attribute name="nombre" id="2A1DCDFF-C10E-100D-69B1-86377B5BF781">
<createdBy>vvasquez</createdBy>
<createdTime>2024-10-01 02:09:40 UTC</createdTime>
<generatorID>A35598A5-0605-1A9E-6C19-F9EE9C0C25C5</generatorID>
<ownerDesignName>Exp3_S8_Victor_Vasquez</ownerDesignName>
<engineerTo>
<item key="26FE87D2-F42D-9673-289C-C94687C2318C" value="true"/>
</engineerTo>
<use>0</use>
<logicalDatatype>LOGDT024</logicalDatatype>
<domain>A4940710-F457-4140-0498-B6529B9CBB5F</domain>
<ownDataTypeParameters>,,</ownDataTypeParameters>
</Attribute>
</attributes>
<identifiers itemClass="oracle.dbtools.crest.model.design.logical.CandidateKey">
<identifier id="34CD79A6-9D3E-7C14-C952-1CE57F1789CD" name="PK TIPO INSTALACION">
<createdBy>vvasquez</createdBy>
<createdTime>2024-10-01 02:09:40 UTC</createdTime>
<generatorID>E5190668-490B-896E-E879-14A1BA58EE7D</generatorID>
<ownerDesignName>Exp3_S8_Victor_Vasquez</ownerDesignName>
<engineerTo>
<item key="26FE87D2-F42D-9673-289C-C94687C2318C" value="true"/>
</engineerTo>
<pk>true</pk>
<usedAttributes>
<attributeRef>5ADBBD13-343C-9BFD-556D-46275FAB94AB</attributeRef>
</usedAttributes>
</identifier>
<identifier id="0CD78871-C609-3865-BA94-956E1FFF54E1" name="UN TIPO INSTALACION NOMBRE">
<createdBy>vvasquez</createdBy>
<createdTime>2024-10-01 02:09:40 UTC</createdTime>
<generatorID>143B1B64-CDB4-06B0-ADD0-A47A10CF53D0</generatorID>
<ownerDesignName>Exp3_S8_Victor_Vasquez</ownerDesignName>
<engineerTo>
<item key="26FE87D2-F42D-9673-289C-C94687C2318C" value="true"/>
</engineerTo>
<usedAttributes>
<attributeRef>2A1DCDFF-C10E-100D-69B1-86377B5BF781</attributeRef>
</usedAttributes>
</identifier>
</identifiers>
</Entity>