<?xml version = '1.0' encoding = 'UTF-8'?>
<Entity class="oracle.dbtools.crest.model.design.logical.Entity" directorySegmentName="seg_0" id="D891BF34-0D38-9346-F345-3C6115B25A1E" name="PROFESION">
<createdBy>vvasquez</createdBy>
<createdTime>2024-10-01 02:09:40 UTC</createdTime>
<generatorID>3BE2089B-456F-8E1D-3CB8-1135271E80AE</generatorID>
<ownerDesignName>Exp3_S8_Victor_Vasquez</ownerDesignName>
<engineerTo>
<item key="26FE87D2-F42D-9673-289C-C94687C2318C" value="true"/>
</engineerTo>
<adequatelyNormalized>NO</adequatelyNormalized>
<expectedVolumes>0</expectedVolumes>
<fwdEngineeringStrategyName>Single Table</fwdEngineeringStrategyName>
<growthPercent>0</growthPercent>
<growthType>Year</growthType>
<maxVolumes>9999999</maxVolumes>
<minVolumes>0</minVolumes>
<normalForm>Third</normalForm>
<attributes itemClass="oracle.dbtools.crest.model.design.logical.Attribute">
<Attribute name="id" id="3AEE260C-235E-59ED-FA96-22FD91C17BF7">
<createdBy>vvasquez</createdBy>
<createdTime>2024-10-01 02:09:40 UTC</createdTime>
<generatorID>C67F8370-FE80-34FB-9952-5CDCB867B00F</generatorID>
<ownerDesignName>Exp3_S8_Victor_Vasquez</ownerDesignName>
<engineerTo>
<item key="26FE87D2-F42D-9673-289C-C94687C2318C" value="true"/>
</engineerTo>
<use>0</use>
<logicalDatatype>LOGDT019</logicalDatatype>
<domain>52D9061A-176E-7F29-E28D-4E0DB71AA3D1</domain>
<defaultValue>seq_profesion.NEXTVAL</defaultValue>
<ownDataTypeParameters>,,</ownDataTypeParameters>
</Attribute>
<Attribute name="nombre" id="D1D9BD08-3928-FBE1-88ED-9F7548E3ED8D">
<createdBy>vvasquez</createdBy>
<createdTime>2024-10-01 02:09:40 UTC</createdTime>
<generatorID>FA563688-9A2E-9409-6269-FA814EF8A6B2</generatorID>
<ownerDesignName>Exp3_S8_Victor_Vasquez</ownerDesignName>
<engineerTo>
<item key="26FE87D2-F42D-9673-289C-C94687C2318C" value="true"/>
</engineerTo>
<use>0</use>
<logicalDatatype>LOGDT024</logicalDatatype>
<domain>E637A131-8FAB-89DD-EADF-3A0B5B301F3E</domain>
<ownDataTypeParameters>,,</ownDataTypeParameters>
</Attribute>
</attributes>
<identifiers itemClass="oracle.dbtools.crest.model.design.logical.CandidateKey">
<identifier id="41B2942B-8DE0-A21D-A20E-3BC70DA04A29" name="PK PROFESION">
<createdBy>vvasquez</createdBy>
<createdTime>2024-10-01 02:09:40 UTC</createdTime>
<generatorID>AAB0EA39-489D-8317-36FE-4F9FE0AF0882</generatorID>
<ownerDesignName>Exp3_S8_Victor_Vasquez</ownerDesignName>
<engineerTo>
<item key="26FE87D2-F42D-9673-289C-C94687C2318C" value="true"/>
</engineerTo>
<pk>true</pk>
<usedAttributes>
<attributeRef>3AEE260C-235E-59ED-FA96-22FD91C17BF7</attributeRef>
</usedAttributes>
</identifier>
<identifier id="99847EB6-31FF-1AFB-CF10-8D7FBFDE0565" name="UN PROFESION NOMBRE">
<createdBy>vvasquez</createdBy>
<createdTime>2024-10-01 02:09:40 UTC</createdTime>
<generatorID>DE3274CC-0066-DC91-9BA8-CC560AF7C0EE</generatorID>
<ownerDesignName>Exp3_S8_Victor_Vasquez</ownerDesignName>
<engineerTo>
<item key="26FE87D2-F42D-9673-289C-C94687C2318C" value="true"/>
</engineerTo>
<usedAttributes>
<attributeRef>D1D9BD08-3928-FBE1-88ED-9F7548E3ED8D</attributeRef>
</usedAttributes>
</identifier>
</identifiers>
</Entity>