<?xml version = '1.0' encoding = 'UTF-8'?>
<Entity class="oracle.dbtools.crest.model.design.logical.Entity" directorySegmentName="seg_0" id="E58308B2-F272-79A1-901A-DC13FB2FD774" name="TIPO COSTO">
<createdBy>vvasquez</createdBy>
<createdTime>2024-10-01 02:09:40 UTC</createdTime>
<generatorID>16DC53D6-5F50-FECD-052D-08FCEA86EA78</generatorID>
<ownerDesignName>Exp3_S8_Victor_Vasquez</ownerDesignName>
<engineerTo>
<item key="26FE87D2-F42D-9673-289C-C94687C2318C" value="true"/>
</engineerTo>
<adequatelyNormalized>NO</adequatelyNormalized>
<expectedVolumes>0</expectedVolumes>
<fwdEngineeringStrategyName>Single Table</fwdEngineeringStrategyName>
<growthPercent>0</growthPercent>
<growthType>Year</growthType>
<maxVolumes>9999999</maxVolumes>
<minVolumes>0</minVolumes>
<normalForm>Third</normalForm>
<attributes itemClass="oracle.dbtools.crest.model.design.logical.Attribute">
<Attribute name="id" id="CD852EFC-EB0C-0B40-6479-AB4E8E36C314">
<createdBy>vvasquez</createdBy>
<createdTime>2024-10-01 02:09:40 UTC</createdTime>
<generatorID>935652A2-AB49-D478-D8D1-A11ADCB847B1</generatorID>
<ownerDesignName>Exp3_S8_Victor_Vasquez</ownerDesignName>
<engineerTo>
<item key="26FE87D2-F42D-9673-289C-C94687C2318C" value="true"/>
</engineerTo>
<use>0</use>
<logicalDatatype>LOGDT019</logicalDatatype>
<domain>52D9061A-176E-7F29-E28D-4E0DB71AA3D1</domain>
<defaultValue>seq_tipo_costo.NEXTVAL</defaultValue>
<ownDataTypeParameters>,,</ownDataTypeParameters>
</Attribute>
<Attribute name="nombre" id="01394B42-C386-CAFE-6DAE-01CE7C473A8D">
<createdBy>vvasquez</createdBy>
<createdTime>2024-10-01 02:09:40 UTC</createdTime>
<generatorID>F394DEDB-0AE8-C48A-DB17-432921D62E6A</generatorID>
<ownerDesignName>Exp3_S8_Victor_Vasquez</ownerDesignName>
<engineerTo>
<item key="26FE87D2-F42D-9673-289C-C94687C2318C" value="true"/>
</engineerTo>
<use>0</use>
<logicalDatatype>LOGDT024</logicalDatatype>
<domain>E637A131-8FAB-89DD-EADF-3A0B5B301F3E</domain>
<ownDataTypeParameters>,,</ownDataTypeParameters>
</Attribute>
</attributes>
<identifiers itemClass="oracle.dbtools.crest.model.design.logical.CandidateKey">
<identifier id="B381EA0E-32CC-127A-B529-B4A3573A2BCA" name="PK TIPO COSTO">
<createdBy>vvasquez</createdBy>
<createdTime>2024-10-01 02:09:40 UTC</createdTime>
<generatorID>5975F693-EBC1-93FD-9DB0-303BBCD85055</generatorID>
<ownerDesignName>Exp3_S8_Victor_Vasquez</ownerDesignName>
<engineerTo>
<item key="26FE87D2-F42D-9673-289C-C94687C2318C" value="true"/>
</engineerTo>
<pk>true</pk>
<usedAttributes>
<attributeRef>CD852EFC-EB0C-0B40-6479-AB4E8E36C314</attributeRef>
</usedAttributes>
</identifier>
<identifier id="E2745ACA-00DE-D3E3-3228-DDF4FCB3C7B7" name="UN TIPO COSTO NOMBRE">
<createdBy>vvasquez</createdBy>
<createdTime>2024-10-01 02:09:40 UTC</createdTime>
<generatorID>3D2D1D6C-C096-BDA0-3E8A-8891C6753A6B</generatorID>
<ownerDesignName>Exp3_S8_Victor_Vasquez</ownerDesignName>
<engineerTo>
<item key="26FE87D2-F42D-9673-289C-C94687C2318C" value="true"/>
</engineerTo>
<usedAttributes>
<attributeRef>01394B42-C386-CAFE-6DAE-01CE7C473A8D</attributeRef>
</usedAttributes>
</identifier>
</identifiers>
</Entity>