<?xml version = '1.0' encoding = 'UTF-8'?>
<SequenceOraclev10g class="oracle.dbtools.crest.model.design.storage.oracle.v10g.SequenceOraclev10g" name="seq_tipo_instalacion" directorySegmentName="seg_0" id="04A84E33-5C63-734B-C43F-36DFF8041A81">
<sourceDDLFile>prueba.sql</sourceDDLFile>
<createdBy>vvasquez</createdBy>
<createdTime>2024-10-01 02:09:06 UTC</createdTime>
<ownerDesignName>Exp3_S8_Victor_Vasquez</ownerDesignName>
<incrementBy>1</incrementBy>
<startWith>1</startWith>
</SequenceOraclev10g>