<?xml version = '1.0' encoding = 'UTF-8'?>
<SequenceOraclev10g class="oracle.dbtools.crest.model.design.storage.oracle.v10g.SequenceOraclev10g" name="seq_estado_solicitud" directorySegmentName="seg_0" id="983EE2A6-DCB9-8239-0BD8-CEA43D071AAC">
<sourceDDLFile>prueba.sql</sourceDDLFile>
<createdBy>vvasquez</createdBy>
<createdTime>2024-10-01 02:09:06 UTC</createdTime>
<ownerDesignName>Exp3_S8_Victor_Vasquez</ownerDesignName>
<incrementBy>1</incrementBy>
<startWith>1</startWith>
</SequenceOraclev10g>