<?xml version = '1.0' encoding = 'UTF-8'?>
<TableProxyOraclev20c class="oracle.dbtools.crest.model.design.storage.oracle.v20c.TableProxyOraclev20c" name="PERSONAL" directorySegmentName="seg_0" id="3787E5B3-1FCE-17D1-4A9F-7756607B4253">
<createdBy>vvasquez</createdBy>
<createdTime>2024-10-01 02:09:20 UTC</createdTime>
<ownerDesignName>Exp3_S8_Victor_Vasquez</ownerDesignName>
<logging>YES</logging>
<partitionedRowMovement>DISABLE</partitionedRowMovement>
<temporaryChanged>false</temporaryChanged>
<accessDriverType>oracle_loader</accessDriverType>
<rejectLimit></rejectLimit>
<columnProxies itemClass="oracle.dbtools.crest.model.design.storage.oracle.v12c.ColumnProxyOraclev12c">
<ColumnProxy name="fecha_nacimiento" id="246C5C1A-17AA-3356-6DF7-3E1DA34E19DF">
<createdBy>vvasquez</createdBy>
<createdTime>2024-10-01 02:09:20 UTC</createdTime>
<ownerDesignName>Exp3_S8_Victor_Vasquez</ownerDesignName>
</ColumnProxy>
<ColumnProxy name="telefono" id="32ABC56F-7286-6541-5CEA-088357A9BA5A">
<createdBy>vvasquez</createdBy>
<createdTime>2024-10-01 02:09:20 UTC</createdTime>
<ownerDesignName>Exp3_S8_Victor_Vasquez</ownerDesignName>
</ColumnProxy>
<ColumnProxy name="escuela_id" id="66E8B731-DFF1-E895-17A3-B1D46D7CEE37">
<createdBy>vvasquez</createdBy>
<createdTime>2024-10-01 02:09:20 UTC</createdTime>
<ownerDesignName>Exp3_S8_Victor_Vasquez</ownerDesignName>
</ColumnProxy>
<ColumnProxy name="nacionalidad" id="6A60E001-BB32-E87D-1C63-C1278A6C4684">
<createdBy>vvasquez</createdBy>
<createdTime>2024-10-01 02:09:20 UTC</createdTime>
<ownerDesignName>Exp3_S8_Victor_Vasquez</ownerDesignName>
</ColumnProxy>
<ColumnProxy name="apellido" id="729E43D6-51BE-DA0B-A095-EB4016B6E6EB">
<createdBy>vvasquez</createdBy>
<createdTime>2024-10-01 02:09:20 UTC</createdTime>
<ownerDesignName>Exp3_S8_Victor_Vasquez</ownerDesignName>
</ColumnProxy>
<ColumnProxy name="nombre" id="81CBFC24-8A98-E4B9-9440-0E4171326AE7">
<createdBy>vvasquez</createdBy>
<createdTime>2024-10-01 02:09:20 UTC</createdTime>
<ownerDesignName>Exp3_S8_Victor_Vasquez</ownerDesignName>
</ColumnProxy>
<ColumnProxy name="id" id="9CF0CC17-C018-32D2-1645-3335981A124F">
<createdBy>vvasquez</createdBy>
<createdTime>2024-10-01 02:09:20 UTC</createdTime>
<ownerDesignName>Exp3_S8_Victor_Vasquez</ownerDesignName>
<autoIncrementDDL>DEFAULT_CLAUSE</autoIncrementDDL>
<defaultValue>seq_personal.NEXTVAL</defaultValue>
</ColumnProxy>
<ColumnProxy name="profesion_id" id="A1F14CCF-8E72-B9C7-B7B3-DCB1D5B2A8CF">
<createdBy>vvasquez</createdBy>
<createdTime>2024-10-01 02:09:20 UTC</createdTime>
<ownerDesignName>Exp3_S8_Victor_Vasquez</ownerDesignName>
</ColumnProxy>
<ColumnProxy name="email" id="ADCB0CDD-4903-3472-5DF7-0789E733BAC7">
<createdBy>vvasquez</createdBy>
<createdTime>2024-10-01 02:09:20 UTC</createdTime>
<ownerDesignName>Exp3_S8_Victor_Vasquez</ownerDesignName>
</ColumnProxy>
</columnProxies>
<foreignKeys>
<ForeignKey class="oracle.dbtools.crest.model.design.storage.oracle.v10g.FKProxyOraclev10g" name="FK_PERSONAL_ESCUELA" id="A8B0025A-092E-DED4-E301-C85E3A1D9569">
<createdBy>vvasquez</createdBy>
<createdTime>2024-10-01 02:09:20 UTC</createdTime>
<ownerDesignName>Exp3_S8_Victor_Vasquez</ownerDesignName>
</ForeignKey>
<ForeignKey class="oracle.dbtools.crest.model.design.storage.oracle.v10g.FKProxyOraclev10g" name="FK_PERSONAL_PROFESION" id="DB27BFF2-45FA-7989-2914-FCB6C4226517">
<createdBy>vvasquez</createdBy>
<createdTime>2024-10-01 02:09:20 UTC</createdTime>
<ownerDesignName>Exp3_S8_Victor_Vasquez</ownerDesignName>
</ForeignKey>
</foreignKeys>
<primaryKeys>
<PrimaryKey class="oracle.dbtools.crest.model.design.storage.oracle.v10g.PKProxyOraclev10g" name="PK_PERSONAL" id="A94BB188-773A-FED4-AD72-61A5D6569796">
<createdBy>vvasquez</createdBy>
<createdTime>2024-10-01 02:09:20 UTC</createdTime>
<ownerDesignName>Exp3_S8_Victor_Vasquez</ownerDesignName>
<indexSort>SORTED</indexSort>
</PrimaryKey>
</primaryKeys>
<uniqueKeys>
<UniqueKey class="oracle.dbtools.crest.model.design.storage.oracle.v10g.UniqueOraclev10g" name="UN_PERSONAL_EMAIL" id="A0D59B14-73D2-3B74-3C33-1006FF9069BD">
<createdBy>vvasquez</createdBy>
<createdTime>2024-10-01 02:09:20 UTC</createdTime>
<ownerDesignName>Exp3_S8_Victor_Vasquez</ownerDesignName>
<indexSort>SORTED</indexSort>
</UniqueKey>
</uniqueKeys>
</TableProxyOraclev20c>