<?xml version = '1.0' encoding = 'UTF-8'?>
<TableProxyOraclev20c class="oracle.dbtools.crest.model.design.storage.oracle.v20c.TableProxyOraclev20c" name="SOLICITUD_FONDOS" directorySegmentName="seg_0" id="BA891E93-31AE-8EB2-7BF8-00FFF9EB2135">
<createdBy>vvasquez</createdBy>
<createdTime>2024-10-01 02:09:20 UTC</createdTime>
<ownerDesignName>Exp3_S8_Victor_Vasquez</ownerDesignName>
<logging>YES</logging>
<partitionedRowMovement>DISABLE</partitionedRowMovement>
<temporaryChanged>false</temporaryChanged>
<accessDriverType>oracle_loader</accessDriverType>
<rejectLimit></rejectLimit>
<columnProxies itemClass="oracle.dbtools.crest.model.design.storage.oracle.v12c.ColumnProxyOraclev12c">
<ColumnProxy name="estado_id" id="3C57637C-BFC5-9766-94D7-C3DBBDCEC818">
<createdBy>vvasquez</createdBy>
<createdTime>2024-10-01 02:09:20 UTC</createdTime>
<ownerDesignName>Exp3_S8_Victor_Vasquez</ownerDesignName>
</ColumnProxy>
<ColumnProxy name="justificacion" id="5C0E48C0-D908-488B-34FA-CA0F1FC6AB15">
<createdBy>vvasquez</createdBy>
<createdTime>2024-10-01 02:09:20 UTC</createdTime>
<ownerDesignName>Exp3_S8_Victor_Vasquez</ownerDesignName>
</ColumnProxy>
<ColumnProxy name="fecha_solicitud" id="7186E911-F74A-D601-58FA-94C686E822AE">
<createdBy>vvasquez</createdBy>
<createdTime>2024-10-01 02:09:20 UTC</createdTime>
<ownerDesignName>Exp3_S8_Victor_Vasquez</ownerDesignName>
</ColumnProxy>
<ColumnProxy name="escuela_id" id="9A52D7B0-8F59-7AA9-DF19-155AD172C2DC">
<createdBy>vvasquez</createdBy>
<createdTime>2024-10-01 02:09:20 UTC</createdTime>
<ownerDesignName>Exp3_S8_Victor_Vasquez</ownerDesignName>
</ColumnProxy>
<ColumnProxy name="monto_solicitado" id="BB17B391-9B22-9243-D611-7C2F4120382B">
<createdBy>vvasquez</createdBy>
<createdTime>2024-10-01 02:09:20 UTC</createdTime>
<ownerDesignName>Exp3_S8_Victor_Vasquez</ownerDesignName>
</ColumnProxy>
<ColumnProxy name="id" id="E376BD85-C7CF-2EF0-DF79-7C948B1351D3">
<createdBy>vvasquez</createdBy>
<createdTime>2024-10-01 02:09:20 UTC</createdTime>
<ownerDesignName>Exp3_S8_Victor_Vasquez</ownerDesignName>
<autoIncrementDDL>DEFAULT_CLAUSE</autoIncrementDDL>
<defaultValue>seq_solicitud_fondos.NEXTVAL</defaultValue>
</ColumnProxy>
</columnProxies>
<foreignKeys>
<ForeignKey class="oracle.dbtools.crest.model.design.storage.oracle.v10g.FKProxyOraclev10g" name="FK_SOLICITUD_ESCUELA" id="3B1AF991-C673-3437-EC80-1A59715FEEB2">
<createdBy>vvasquez</createdBy>
<createdTime>2024-10-01 02:09:20 UTC</createdTime>
<ownerDesignName>Exp3_S8_Victor_Vasquez</ownerDesignName>
</ForeignKey>
<ForeignKey class="oracle.dbtools.crest.model.design.storage.oracle.v10g.FKProxyOraclev10g" name="FK_SOLICITUD_ESTADO" id="9DB9C786-D596-0C67-B3B0-B1ABCF89E2AC">
<createdBy>vvasquez</createdBy>
<createdTime>2024-10-01 02:09:20 UTC</createdTime>
<ownerDesignName>Exp3_S8_Victor_Vasquez</ownerDesignName>
</ForeignKey>
</foreignKeys>
<primaryKeys>
<PrimaryKey class="oracle.dbtools.crest.model.design.storage.oracle.v10g.PKProxyOraclev10g" name="PK_SOLICITUD_FONDOS" id="E54E12A8-570A-23ED-50C0-2F6035E91241">
<createdBy>vvasquez</createdBy>
<createdTime>2024-10-01 02:09:20 UTC</createdTime>
<ownerDesignName>Exp3_S8_Victor_Vasquez</ownerDesignName>
<indexSort>SORTED</indexSort>
</PrimaryKey>
</primaryKeys>
</TableProxyOraclev20c>