<?xml version = '1.0' encoding = 'UTF-8'?>
<Relation class="oracle.dbtools.crest.model.design.logical.Relation" name="FK_SOLICITUD_ESTADO" directorySegmentName="seg_0" id="48A4F2CF-3CB7-B505-79C4-EE1551922FB2">
<createdBy>vvasquez</createdBy>
<createdTime>2024-10-01 02:09:40 UTC</createdTime>
<generatorID>DE3F5296-5A90-CE61-EB95-D7D863B54811</generatorID>
<ownerDesignName>Exp3_S8_Victor_Vasquez</ownerDesignName>
<engineerTo>
<item key="26FE87D2-F42D-9673-289C-C94687C2318C" value="true"/>
</engineerTo>
<sourcePk>B1012F1F-9DE1-5853-B9EB-E216C6A72CF4</sourcePk>
<identifying>false</identifying>
<optionalSource>true</optionalSource>
<optionalTarget>false</optionalTarget>
<sourceCardinality>1</sourceCardinality>
<sourceEntity>51D8048A-A469-8ED2-75AA-18C62682F1E0</sourceEntity>
<targetCardinalityString>*</targetCardinalityString>
<targetEntity>018358F0-C504-53A6-26A5-B114AE123A54</targetEntity>
<transferable>true</transferable>
<deleteRule>NO ACTION</deleteRule>
</Relation>