<?xml version = '1.0' encoding = 'UTF-8'?>
<Relation class="oracle.dbtools.crest.model.design.logical.Relation" name="FK_COSTO_ESCUELA" directorySegmentName="seg_0" id="4F4A05F0-5950-254E-0684-84747485E45D">
<createdBy>vvasquez</createdBy>
<createdTime>2024-10-01 02:09:40 UTC</createdTime>
<generatorID>E776677B-4063-A8D0-2F50-EE43910CBDE2</generatorID>
<ownerDesignName>Exp3_S8_Victor_Vasquez</ownerDesignName>
<engineerTo>
<item key="26FE87D2-F42D-9673-289C-C94687C2318C" value="true"/>
</engineerTo>
<sourcePk>32112556-A4EE-3665-DCB9-2DB0AC9DCA1A</sourcePk>
<identifying>false</identifying>
<optionalSource>true</optionalSource>
<optionalTarget>false</optionalTarget>
<sourceCardinality>1</sourceCardinality>
<sourceEntity>692D5199-BE48-C093-A46F-13728AC4A0B6</sourceEntity>
<targetCardinalityString>*</targetCardinalityString>
<targetEntity>F286DEDF-5E92-5EC2-A940-88029D75313B</targetEntity>
<transferable>true</transferable>
<deleteRule>NO ACTION</deleteRule>
</Relation>