<?xml version = '1.0' encoding = 'UTF-8'?>
<Relation class="oracle.dbtools.crest.model.design.logical.Relation" name="FK_INSTALACION_ESCUELA" directorySegmentName="seg_0" id="5FD7B1FD-E049-5959-0BED-A6E32BDBCB0F">
<createdBy>vvasquez</createdBy>
<createdTime>2024-10-01 02:09:40 UTC</createdTime>
<generatorID>AA985A9D-AFAB-9AEA-5F57-A26287A4FBF1</generatorID>
<ownerDesignName>Exp3_S8_Victor_Vasquez</ownerDesignName>
<engineerTo>
<item key="26FE87D2-F42D-9673-289C-C94687C2318C" value="true"/>
</engineerTo>
<sourcePk>32112556-A4EE-3665-DCB9-2DB0AC9DCA1A</sourcePk>
<identifying>false</identifying>
<optionalSource>true</optionalSource>
<optionalTarget>false</optionalTarget>
<sourceCardinality>1</sourceCardinality>
<sourceEntity>692D5199-BE48-C093-A46F-13728AC4A0B6</sourceEntity>
<targetCardinalityString>*</targetCardinalityString>
<targetEntity>00A9D24C-BF16-5E62-402E-2ABED7489F13</targetEntity>
<transferable>true</transferable>
<deleteRule>NO ACTION</deleteRule>
</Relation>