<?xml version = '1.0' encoding = 'UTF-8'?>
<Relation class="oracle.dbtools.crest.model.design.logical.Relation" name="FK_ESCUELA_TIPO" directorySegmentName="seg_0" id="6CA93EEA-7DA9-5700-2657-50A96885382E">
<createdBy>vvasquez</createdBy>
<createdTime>2024-10-01 02:09:40 UTC</createdTime>
<generatorID>88D86941-4A9C-2D90-49AC-B5C44D54F1FD</generatorID>
<ownerDesignName>Exp3_S8_Victor_Vasquez</ownerDesignName>
<engineerTo>
<item key="26FE87D2-F42D-9673-289C-C94687C2318C" value="true"/>
</engineerTo>
<sourcePk>2E755935-51EC-57D0-1886-9288A73BB95E</sourcePk>
<identifying>false</identifying>
<optionalSource>true</optionalSource>
<optionalTarget>false</optionalTarget>
<sourceCardinality>1</sourceCardinality>
<sourceEntity>25D5FB64-EF97-42EB-B49E-A5F001A2A657</sourceEntity>
<targetCardinalityString>*</targetCardinalityString>
<targetEntity>692D5199-BE48-C093-A46F-13728AC4A0B6</targetEntity>
<transferable>true</transferable>
<deleteRule>NO ACTION</deleteRule>
</Relation>