<?xml version = '1.0' encoding = 'UTF-8'?>
<Relation class="oracle.dbtools.crest.model.design.logical.Relation" name="FK_INSTALACION_TIPO" directorySegmentName="seg_0" id="705B5EF1-4911-B9FA-D80B-F13C5CE4C557">
<createdBy>vvasquez</createdBy>
<createdTime>2024-10-01 02:09:40 UTC</createdTime>
<generatorID>39408835-6B85-C825-D30E-F59E89EE6426</generatorID>
<ownerDesignName>Exp3_S8_Victor_Vasquez</ownerDesignName>
<engineerTo>
<item key="26FE87D2-F42D-9673-289C-C94687C2318C" value="true"/>
</engineerTo>
<sourcePk>34CD79A6-9D3E-7C14-C952-1CE57F1789CD</sourcePk>
<identifying>false</identifying>
<optionalSource>true</optionalSource>
<optionalTarget>false</optionalTarget>
<sourceCardinality>1</sourceCardinality>
<sourceEntity>7ED01A15-5047-D824-A6F9-33E8542FE8DD</sourceEntity>
<targetCardinalityString>*</targetCardinalityString>
<targetEntity>00A9D24C-BF16-5E62-402E-2ABED7489F13</targetEntity>
<transferable>true</transferable>
<deleteRule>NO ACTION</deleteRule>
</Relation>