<?xml version = '1.0' encoding = 'UTF-8'?>
<Relation class="oracle.dbtools.crest.model.design.logical.Relation" name="FK_COSTO_TIPO" directorySegmentName="seg_0" id="924EDEDE-53AC-247C-FE8F-593F54D8CCF1">
<createdBy>vvasquez</createdBy>
<createdTime>2024-10-01 02:09:40 UTC</createdTime>
<generatorID>060FE7D5-4597-5B78-62F0-D73ABD61D632</generatorID>
<ownerDesignName>Exp3_S8_Victor_Vasquez</ownerDesignName>
<engineerTo>
<item key="26FE87D2-F42D-9673-289C-C94687C2318C" value="true"/>
</engineerTo>
<sourcePk>B381EA0E-32CC-127A-B529-B4A3573A2BCA</sourcePk>
<identifying>false</identifying>
<optionalSource>true</optionalSource>
<optionalTarget>false</optionalTarget>
<sourceCardinality>1</sourceCardinality>
<sourceEntity>E58308B2-F272-79A1-901A-DC13FB2FD774</sourceEntity>
<targetCardinalityString>*</targetCardinalityString>
<targetEntity>F286DEDF-5E92-5EC2-A940-88029D75313B</targetEntity>
<transferable>true</transferable>
<deleteRule>NO ACTION</deleteRule>
</Relation>