<?xml version = '1.0' encoding = 'UTF-8'?>
<Relation class="oracle.dbtools.crest.model.design.logical.Relation" name="FK_PERSONAL_ESCUELA" directorySegmentName="seg_0" id="9E7429AC-EBDE-949B-7814-DB517BAA86FE">
<createdBy>vvasquez</createdBy>
<createdTime>2024-10-01 02:09:40 UTC</createdTime>
<generatorID>F52D9FA7-C60D-D757-1468-1774739655E7</generatorID>
<ownerDesignName>Exp3_S8_Victor_Vasquez</ownerDesignName>
<engineerTo>
<item key="26FE87D2-F42D-9673-289C-C94687C2318C" value="true"/>
</engineerTo>
<sourcePk>32112556-A4EE-3665-DCB9-2DB0AC9DCA1A</sourcePk>
<identifying>false</identifying>
<optionalSource>true</optionalSource>
<optionalTarget>false</optionalTarget>
<sourceCardinality>1</sourceCardinality>
<sourceEntity>692D5199-BE48-C093-A46F-13728AC4A0B6</sourceEntity>
<targetCardinalityString>*</targetCardinalityString>
<targetEntity>CC4A8236-0DEC-683A-3375-059EEFA83C8A</targetEntity>
<transferable>true</transferable>
<deleteRule>NO ACTION</deleteRule>
</Relation>