<?xml version = '1.0' encoding = 'UTF-8'?>
<Relation class="oracle.dbtools.crest.model.design.logical.Relation" name="FK_PERSONAL_PROFESION" directorySegmentName="seg_0" id="ABFAAD06-2A00-2B30-1C6B-02EE2BE56842">
<createdBy>vvasquez</createdBy>
<createdTime>2024-10-01 02:09:40 UTC</createdTime>
<generatorID>4E2DD9E3-411C-0619-768F-C64B9A99C077</generatorID>
<ownerDesignName>Exp3_S8_Victor_Vasquez</ownerDesignName>
<engineerTo>
<item key="26FE87D2-F42D-9673-289C-C94687C2318C" value="true"/>
</engineerTo>
<sourcePk>41B2942B-8DE0-A21D-A20E-3BC70DA04A29</sourcePk>
<identifying>false</identifying>
<optionalSource>true</optionalSource>
<optionalTarget>false</optionalTarget>
<sourceCardinality>1</sourceCardinality>
<sourceEntity>D891BF34-0D38-9346-F345-3C6115B25A1E</sourceEntity>
<targetCardinalityString>*</targetCardinalityString>
<targetEntity>CC4A8236-0DEC-683A-3375-059EEFA83C8A</targetEntity>
<transferable>true</transferable>
<deleteRule>NO ACTION</deleteRule>
</Relation>