<?xml version = '1.0' encoding = 'UTF-8'?>
<Relation class="oracle.dbtools.crest.model.design.logical.Relation" name="FK_SOLICITUD_ESCUELA" directorySegmentName="seg_0" id="EA4EF30E-41D5-CCEF-48F3-973FFBFF8234">
<createdBy>vvasquez</createdBy>
<createdTime>2024-10-01 02:09:40 UTC</createdTime>
<generatorID>47CACC2E-C30A-3135-F163-41AE9A0641CC</generatorID>
<ownerDesignName>Exp3_S8_Victor_Vasquez</ownerDesignName>
<engineerTo>
<item key="26FE87D2-F42D-9673-289C-C94687C2318C" value="true"/>
</engineerTo>
<sourcePk>32112556-A4EE-3665-DCB9-2DB0AC9DCA1A</sourcePk>
<identifying>false</identifying>
<optionalSource>true</optionalSource>
<optionalTarget>false</optionalTarget>
<sourceCardinality>1</sourceCardinality>
<sourceEntity>692D5199-BE48-C093-A46F-13728AC4A0B6</sourceEntity>
<targetCardinalityString>*</targetCardinalityString>
<targetEntity>018358F0-C504-53A6-26A5-B114AE123A54</targetEntity>
<transferable>true</transferable>
<deleteRule>NO ACTION</deleteRule>
</Relation>