<?xml version = '1.0' encoding = 'UTF-8'?>
<Diagram class="oracle.dbtools.crest.swingui.logical.DPVLogical" name="Logical" id="8116DD08-8796-202D-1553-E7F64BD10A25">
<createdBy>vvasquez</createdBy>
<modifiedBy>vvasquez</modifiedBy>
<createdTime>2024-10-01 02:09:40 UTC</createdTime>
<autoRoute>false</autoRoute>
<boxInbox>true</boxInbox>
<showLegend>false</showLegend>
<showLabels>false</showLabels>
<showRelAttributes>false</showRelAttributes>
<gridEnabled>false</gridEnabled>
<showGrid>false</showGrid>
<diagramColor>-1</diagramColor>
<display>false</display>
<notation>1</notation>
<objectViews>
<OView class="oracle.dbtools.crest.swingui.logical.TVEntity" oid="00A9D24C-BF16-5E62-402E-2ABED7489F13" otype="Entity" vid="0974C94C-9CDB-D781-5FB3-4805B29EE8A8">
<hideElementsInCurrentOnly>false</hideElementsInCurrentOnly>
<bounds x="588" y="566" width="239" height="150"/>
</OView>
<OView class="oracle.dbtools.crest.swingui.logical.TVEntity" oid="018358F0-C504-53A6-26A5-B114AE123A54" otype="Entity" vid="6AC9ECC0-A282-2291-2CBA-767865EDF14C">
<hideElementsInCurrentOnly>false</hideElementsInCurrentOnly>
<bounds x="294" y="566" width="214" height="164"/>
</OView>
<OView class="oracle.dbtools.crest.swingui.logical.TVEntity" oid="25D5FB64-EF97-42EB-B49E-A5F001A2A657" otype="Entity" vid="11B03745-44EC-2F69-307C-923AE0AE52C1">
<hideElementsInCurrentOnly>false</hideElementsInCurrentOnly>
<bounds x="908" y="566" width="216" height="88"/>
</OView>
<OView class="oracle.dbtools.crest.swingui.logical.TVEntity" oid="51D8048A-A469-8ED2-75AA-18C62682F1E0" otype="Entity" vid="19CA847A-552B-500D-9142-D49F6075A4FB">
<hideElementsInCurrentOnly>false</hideElementsInCurrentOnly>
<bounds x="294" y="790" width="240" height="88"/>
</OView>
<OView class="oracle.dbtools.crest.swingui.logical.TVEntity" oid="692D5199-BE48-C093-A46F-13728AC4A0B6" otype="Entity" vid="D0BD69A5-07C4-6EF4-193C-5A9D23EA042A">
<hideElementsInCurrentOnly>false</hideElementsInCurrentOnly>
<bounds x="594" y="264" width="189" height="206"/>
</OView>
<OView class="oracle.dbtools.crest.swingui.logical.TVEntity" oid="7ED01A15-5047-D824-A6F9-33E8542FE8DD" otype="Entity" vid="D3605246-3810-0A8A-2202-90B7E14BC331">
<hideElementsInCurrentOnly>false</hideElementsInCurrentOnly>
<bounds x="588" y="776" width="239" height="88"/>
</OView>
<OView class="oracle.dbtools.crest.swingui.logical.TVEntity" oid="CC4A8236-0DEC-683A-3375-059EEFA83C8A" otype="Entity" vid="F662C9FB-7AD0-687F-451E-F6C6C5F4E937">
<hideElementsInCurrentOnly>false</hideElementsInCurrentOnly>
<bounds x="236" y="186" width="226" height="220"/>
</OView>
<OView class="oracle.dbtools.crest.swingui.logical.TVEntity" oid="D891BF34-0D38-9346-F345-3C6115B25A1E" otype="Entity" vid="46E92F72-8EFB-18F3-8714-3ABA00E3F5B5">
<hideElementsInCurrentOnly>false</hideElementsInCurrentOnly>
<bounds x="595" y="139" width="203" height="88"/>
</OView>
<OView class="oracle.dbtools.crest.swingui.logical.TVEntity" oid="E58308B2-F272-79A1-901A-DC13FB2FD774" otype="Entity" vid="36C54068-1B94-7FEA-096D-CB480933B7DD">
<hideElementsInCurrentOnly>false</hideElementsInCurrentOnly>
<bounds x="20" y="790" width="208" height="88"/>
</OView>
<OView class="oracle.dbtools.crest.swingui.logical.TVEntity" oid="F286DEDF-5E92-5EC2-A940-88029D75313B" otype="Entity" vid="482050CD-BD9A-C0B7-8527-F89352F43844">
<hideElementsInCurrentOnly>false</hideElementsInCurrentOnly>
<bounds x="20" y="566" width="194" height="164"/>
</OView>
</objectViews>
<connectors>
<Connector class="oracle.dbtools.crest.swingui.logical.TVRelation" oid="48A4F2CF-3CB7-B505-79C4-EE1551922FB2" otype="Relation" vid_source="19CA847A-552B-500D-9142-D49F6075A4FB" vid_target="6AC9ECC0-A282-2291-2CBA-767865EDF14C">
<hideElementsInCurrentOnly>false</hideElementsInCurrentOnly>
<backgroundColor>-16777216</backgroundColor>
<lineWidth>1</lineWidth>
<points>
<point x="401" y="790"/>
<point x="401" y="730"/>
</points>
</Connector>
<Connector class="oracle.dbtools.crest.swingui.logical.TVRelation" oid="4F4A05F0-5950-254E-0684-84747485E45D" otype="Relation" vid_source="D0BD69A5-07C4-6EF4-193C-5A9D23EA042A" vid_target="482050CD-BD9A-C0B7-8527-F89352F43844">
<hideElementsInCurrentOnly>false</hideElementsInCurrentOnly>
<backgroundColor>-16777216</backgroundColor>
<lineWidth>1</lineWidth>
<points>
<point x="594" y="413"/>
<point x="214" y="600"/>
</points>
</Connector>
<Connector class="oracle.dbtools.crest.swingui.logical.TVRelation" oid="5FD7B1FD-E049-5959-0BED-A6E32BDBCB0F" otype="Relation" vid_source="D0BD69A5-07C4-6EF4-193C-5A9D23EA042A" vid_target="0974C94C-9CDB-D781-5FB3-4805B29EE8A8">
<hideElementsInCurrentOnly>false</hideElementsInCurrentOnly>
<backgroundColor>-16777216</backgroundColor>
<lineWidth>1</lineWidth>
<points>
<point x="688" y="470"/>
<point x="688" y="566"/>
</points>
</Connector>
<Connector class="oracle.dbtools.crest.swingui.logical.TVRelation" oid="6CA93EEA-7DA9-5700-2657-50A96885382E" otype="Relation" vid_source="11B03745-44EC-2F69-307C-923AE0AE52C1" vid_target="D0BD69A5-07C4-6EF4-193C-5A9D23EA042A">
<hideElementsInCurrentOnly>false</hideElementsInCurrentOnly>
<backgroundColor>-16777216</backgroundColor>
<lineWidth>1</lineWidth>
<points>
<point x="956" y="566"/>
<point x="783" y="437"/>
</points>
</Connector>
<Connector class="oracle.dbtools.crest.swingui.logical.TVRelation" oid="705B5EF1-4911-B9FA-D80B-F13C5CE4C557" otype="Relation" vid_source="D3605246-3810-0A8A-2202-90B7E14BC331" vid_target="0974C94C-9CDB-D781-5FB3-4805B29EE8A8">
<hideElementsInCurrentOnly>false</hideElementsInCurrentOnly>
<backgroundColor>-16777216</backgroundColor>
<lineWidth>1</lineWidth>
<points>
<point x="707" y="776"/>
<point x="707" y="716"/>
</points>
</Connector>
<Connector class="oracle.dbtools.crest.swingui.logical.TVRelation" oid="924EDEDE-53AC-247C-FE8F-593F54D8CCF1" otype="Relation" vid_source="36C54068-1B94-7FEA-096D-CB480933B7DD" vid_target="482050CD-BD9A-C0B7-8527-F89352F43844">
<hideElementsInCurrentOnly>false</hideElementsInCurrentOnly>
<backgroundColor>-16777216</backgroundColor>
<lineWidth>1</lineWidth>
<points>
<point x="117" y="790"/>
<point x="117" y="730"/>
</points>
</Connector>
<Connector class="oracle.dbtools.crest.swingui.logical.TVRelation" oid="9E7429AC-EBDE-949B-7814-DB517BAA86FE" otype="Relation" vid_source="D0BD69A5-07C4-6EF4-193C-5A9D23EA042A" vid_target="F662C9FB-7AD0-687F-451E-F6C6C5F4E937">
<hideElementsInCurrentOnly>false</hideElementsInCurrentOnly>
<backgroundColor>-16777216</backgroundColor>
<lineWidth>1</lineWidth>
<points>
<point x="594" y="335"/>
<point x="462" y="335"/>
</points>
</Connector>
<Connector class="oracle.dbtools.crest.swingui.logical.TVRelation" oid="ABFAAD06-2A00-2B30-1C6B-02EE2BE56842" otype="Relation" vid_source="46E92F72-8EFB-18F3-8714-3ABA00E3F5B5" vid_target="F662C9FB-7AD0-687F-451E-F6C6C5F4E937">
<hideElementsInCurrentOnly>false</hideElementsInCurrentOnly>
<backgroundColor>-16777216</backgroundColor>
<lineWidth>1</lineWidth>
<points>
<point x="595" y="206"/>
<point x="462" y="206"/>
</points>
</Connector>
<Connector class="oracle.dbtools.crest.swingui.logical.TVRelation" oid="EA4EF30E-41D5-CCEF-48F3-973FFBFF8234" otype="Relation" vid_source="D0BD69A5-07C4-6EF4-193C-5A9D23EA042A" vid_target="6AC9ECC0-A282-2291-2CBA-767865EDF14C">
<hideElementsInCurrentOnly>false</hideElementsInCurrentOnly>
<backgroundColor>-16777216</backgroundColor>
<lineWidth>1</lineWidth>
<points>
<point x="594" y="459"/>
<point x="484" y="566"/>
</points>
</Connector>
</connectors>
</Diagram>