<?xml version = '1.0' encoding = 'UTF-8'?>
<FKIndexAssociation class="oracle.dbtools.crest.model.design.relational.FKIndexAssociation" directorySegmentName="seg_0" id="060FE7D5-4597-5B78-62F0-D73ABD61D632" containerWithKeyObject="3CDDC407-39BD-BC6C-1EC6-40B548B204B2" localFKIndex="E303C169-A946-89CA-CECB-991939AAC856" name="FK_COSTO_TIPO">
<sourceDDLFile>prueba.sql</sourceDDLFile>
<createdBy>vvasquez</createdBy>
<createdTime>2024-10-01 02:09:20 UTC</createdTime>
<ownerDesignName>Exp3_S8_Victor_Vasquez</ownerDesignName>
<importedID>B5B7C6DF-0B92-DA32-2ED0-0D32805A5872</importedID>
<referredTableLongName>TIPO_COSTO</referredTableLongName>
<deleteRule>NO ACTION</deleteRule>
<referredTableID>16DC53D6-5F50-FECD-052D-08FCEA86EA78</referredTableID>
<keyObject>5975F693-EBC1-93FD-9DB0-303BBCD85055</keyObject>
<referredKeyID>5975F693-EBC1-93FD-9DB0-303BBCD85055</referredKeyID>
<mandatory>true</mandatory>
<refColNames>id</refColNames>
<transferable>true</transferable>
<rely>false</rely>
<columnDependencyConstraintGenerateInDDL>true</columnDependencyConstraintGenerateInDDL>
</FKIndexAssociation>