<?xml version = '1.0' encoding = 'UTF-8'?>
<FKIndexAssociation class="oracle.dbtools.crest.model.design.relational.FKIndexAssociation" directorySegmentName="seg_0" id="39408835-6B85-C825-D30E-F59E89EE6426" containerWithKeyObject="35B04E06-7F09-5BDB-711D-66A903647E1D" localFKIndex="BBD51171-E1F3-CB2A-90A9-BA39CF8B21EC" name="FK_INSTALACION_TIPO">
<sourceDDLFile>prueba.sql</sourceDDLFile>
<createdBy>vvasquez</createdBy>
<createdTime>2024-10-01 02:09:20 UTC</createdTime>
<ownerDesignName>Exp3_S8_Victor_Vasquez</ownerDesignName>
<importedID>FBB4E594-4FDC-ED2F-9F51-EF48E6BBE534</importedID>
<referredTableLongName>TIPO_INSTALACION</referredTableLongName>
<deleteRule>NO ACTION</deleteRule>
<referredTableID>6D954BC4-C59B-21D9-19BD-879C6DB20A34</referredTableID>
<keyObject>E5190668-490B-896E-E879-14A1BA58EE7D</keyObject>
<referredKeyID>E5190668-490B-896E-E879-14A1BA58EE7D</referredKeyID>
<mandatory>true</mandatory>
<refColNames>id</refColNames>
<transferable>true</transferable>
<rely>false</rely>
<columnDependencyConstraintGenerateInDDL>true</columnDependencyConstraintGenerateInDDL>
</FKIndexAssociation>