<?xml version = '1.0' encoding = 'UTF-8'?>
<FKIndexAssociation class="oracle.dbtools.crest.model.design.relational.FKIndexAssociation" directorySegmentName="seg_0" id="47CACC2E-C30A-3135-F163-41AE9A0641CC" containerWithKeyObject="BA891E93-31AE-8EB2-7BF8-00FFF9EB2135" localFKIndex="3B1AF991-C673-3437-EC80-1A59715FEEB2" name="FK_SOLICITUD_ESCUELA">
<sourceDDLFile>prueba.sql</sourceDDLFile>
<createdBy>vvasquez</createdBy>
<createdTime>2024-10-01 02:09:20 UTC</createdTime>
<ownerDesignName>Exp3_S8_Victor_Vasquez</ownerDesignName>
<importedID>CC142091-FF2E-E258-1E2E-72A0F9277EEE</importedID>
<referredTableLongName>ESCUELA_DEPORTIVA</referredTableLongName>
<deleteRule>NO ACTION</deleteRule>
<referredTableID>55E7ADBA-5C1F-AA77-C3DB-FDB591399588</referredTableID>
<keyObject>B913DBD8-4F6A-A096-2B7B-7B2FDF26A8E5</keyObject>
<referredKeyID>B913DBD8-4F6A-A096-2B7B-7B2FDF26A8E5</referredKeyID>
<mandatory>true</mandatory>
<refColNames>id</refColNames>
<transferable>true</transferable>
<rely>false</rely>
<columnDependencyConstraintGenerateInDDL>true</columnDependencyConstraintGenerateInDDL>
</FKIndexAssociation>