<?xml version = '1.0' encoding = 'UTF-8'?>
<FKIndexAssociation class="oracle.dbtools.crest.model.design.relational.FKIndexAssociation" directorySegmentName="seg_0" id="4E2DD9E3-411C-0619-768F-C64B9A99C077" containerWithKeyObject="3787E5B3-1FCE-17D1-4A9F-7756607B4253" localFKIndex="DB27BFF2-45FA-7989-2914-FCB6C4226517" name="FK_PERSONAL_PROFESION">
<sourceDDLFile>prueba.sql</sourceDDLFile>
<createdBy>vvasquez</createdBy>
<createdTime>2024-10-01 02:09:20 UTC</createdTime>
<ownerDesignName>Exp3_S8_Victor_Vasquez</ownerDesignName>
<importedID>F9CC68D6-9B0C-9E58-1E1A-45B4D2A807B7</importedID>
<referredTableLongName>PROFESION</referredTableLongName>
<deleteRule>NO ACTION</deleteRule>
<referredTableID>3BE2089B-456F-8E1D-3CB8-1135271E80AE</referredTableID>
<keyObject>AAB0EA39-489D-8317-36FE-4F9FE0AF0882</keyObject>
<referredKeyID>AAB0EA39-489D-8317-36FE-4F9FE0AF0882</referredKeyID>
<mandatory>true</mandatory>
<refColNames>id</refColNames>
<transferable>true</transferable>
<rely>false</rely>
<columnDependencyConstraintGenerateInDDL>true</columnDependencyConstraintGenerateInDDL>
</FKIndexAssociation>