<?xml version = '1.0' encoding = 'UTF-8'?>
<FKIndexAssociation class="oracle.dbtools.crest.model.design.relational.FKIndexAssociation" directorySegmentName="seg_0" id="88D86941-4A9C-2D90-49AC-B5C44D54F1FD" containerWithKeyObject="55E7ADBA-5C1F-AA77-C3DB-FDB591399588" localFKIndex="5D3A5A9D-7DB6-38BB-09A7-1DA0C6D117D9" name="FK_ESCUELA_TIPO">
<sourceDDLFile>prueba.sql</sourceDDLFile>
<createdBy>vvasquez</createdBy>
<createdTime>2024-10-01 02:09:20 UTC</createdTime>
<ownerDesignName>Exp3_S8_Victor_Vasquez</ownerDesignName>
<importedID>4D0D19BB-E8FA-607C-AD82-8DC9D19BBCB8</importedID>
<referredTableLongName>TIPO_ESCUELA</referredTableLongName>
<deleteRule>NO ACTION</deleteRule>
<referredTableID>C7B6968B-E3D0-5A55-F9BA-8B31755F6C70</referredTableID>
<keyObject>678402FC-8565-4613-7DDF-F013AE6447D6</keyObject>
<referredKeyID>678402FC-8565-4613-7DDF-F013AE6447D6</referredKeyID>
<mandatory>true</mandatory>
<refColNames>id</refColNames>
<transferable>true</transferable>
<rely>false</rely>
<columnDependencyConstraintGenerateInDDL>true</columnDependencyConstraintGenerateInDDL>
</FKIndexAssociation>