<?xml version = '1.0' encoding = 'UTF-8'?>
<FKIndexAssociation class="oracle.dbtools.crest.model.design.relational.FKIndexAssociation" directorySegmentName="seg_0" id="AA985A9D-AFAB-9AEA-5F57-A26287A4FBF1" containerWithKeyObject="35B04E06-7F09-5BDB-711D-66A903647E1D" localFKIndex="9B751778-4161-8D74-8AA8-6ECF5711AAD8" name="FK_INSTALACION_ESCUELA">
<sourceDDLFile>prueba.sql</sourceDDLFile>
<createdBy>vvasquez</createdBy>
<createdTime>2024-10-01 02:09:20 UTC</createdTime>
<ownerDesignName>Exp3_S8_Victor_Vasquez</ownerDesignName>
<importedID>00756947-8091-E897-24F3-C1C004DEB020</importedID>
<referredTableLongName>ESCUELA_DEPORTIVA</referredTableLongName>
<deleteRule>NO ACTION</deleteRule>
<referredTableID>55E7ADBA-5C1F-AA77-C3DB-FDB591399588</referredTableID>
<keyObject>B913DBD8-4F6A-A096-2B7B-7B2FDF26A8E5</keyObject>
<referredKeyID>B913DBD8-4F6A-A096-2B7B-7B2FDF26A8E5</referredKeyID>
<mandatory>true</mandatory>
<refColNames>id</refColNames>
<transferable>true</transferable>
<rely>false</rely>
<columnDependencyConstraintGenerateInDDL>true</columnDependencyConstraintGenerateInDDL>
</FKIndexAssociation>