<?xml version = '1.0' encoding = 'UTF-8'?>
<FKIndexAssociation class="oracle.dbtools.crest.model.design.relational.FKIndexAssociation" directorySegmentName="seg_0" id="DE3F5296-5A90-CE61-EB95-D7D863B54811" containerWithKeyObject="BA891E93-31AE-8EB2-7BF8-00FFF9EB2135" localFKIndex="9DB9C786-D596-0C67-B3B0-B1ABCF89E2AC" name="FK_SOLICITUD_ESTADO">
<sourceDDLFile>prueba.sql</sourceDDLFile>
<createdBy>vvasquez</createdBy>
<createdTime>2024-10-01 02:09:20 UTC</createdTime>
<ownerDesignName>Exp3_S8_Victor_Vasquez</ownerDesignName>
<importedID>1A3BED01-4104-BE8D-ABE5-BC26A8D9F5BE</importedID>
<referredTableLongName>ESTADO_SOLICITUD</referredTableLongName>
<deleteRule>NO ACTION</deleteRule>
<referredTableID>A4B9FD3E-ECE1-79F2-72D3-6502A85B7115</referredTableID>
<keyObject>5796E178-7ECA-C2AB-28A2-DEDF29BBC537</keyObject>
<referredKeyID>5796E178-7ECA-C2AB-28A2-DEDF29BBC537</referredKeyID>
<mandatory>true</mandatory>
<refColNames>id</refColNames>
<transferable>true</transferable>
<rely>false</rely>
<columnDependencyConstraintGenerateInDDL>true</columnDependencyConstraintGenerateInDDL>
</FKIndexAssociation>