<?xml version = '1.0' encoding = 'UTF-8'?>
<FKIndexAssociation class="oracle.dbtools.crest.model.design.relational.FKIndexAssociation" directorySegmentName="seg_0" id="E776677B-4063-A8D0-2F50-EE43910CBDE2" containerWithKeyObject="3CDDC407-39BD-BC6C-1EC6-40B548B204B2" localFKIndex="972C659C-048A-2213-D653-9617D42E4646" name="FK_COSTO_ESCUELA">
<sourceDDLFile>prueba.sql</sourceDDLFile>
<createdBy>vvasquez</createdBy>
<createdTime>2024-10-01 02:09:20 UTC</createdTime>
<ownerDesignName>Exp3_S8_Victor_Vasquez</ownerDesignName>
<importedID>9473C140-CE46-E335-5BB0-9EBC5DC08F7B</importedID>
<referredTableLongName>ESCUELA_DEPORTIVA</referredTableLongName>
<deleteRule>NO ACTION</deleteRule>
<referredTableID>55E7ADBA-5C1F-AA77-C3DB-FDB591399588</referredTableID>
<keyObject>B913DBD8-4F6A-A096-2B7B-7B2FDF26A8E5</keyObject>
<referredKeyID>B913DBD8-4F6A-A096-2B7B-7B2FDF26A8E5</referredKeyID>
<mandatory>true</mandatory>
<refColNames>id</refColNames>
<transferable>true</transferable>
<rely>false</rely>
<columnDependencyConstraintGenerateInDDL>true</columnDependencyConstraintGenerateInDDL>
</FKIndexAssociation>