<?xml version = '1.0' encoding = 'UTF-8'?>
<FKIndexAssociation class="oracle.dbtools.crest.model.design.relational.FKIndexAssociation" directorySegmentName="seg_0" id="F52D9FA7-C60D-D757-1468-1774739655E7" containerWithKeyObject="3787E5B3-1FCE-17D1-4A9F-7756607B4253" localFKIndex="A8B0025A-092E-DED4-E301-C85E3A1D9569" name="FK_PERSONAL_ESCUELA">
<sourceDDLFile>prueba.sql</sourceDDLFile>
<createdBy>vvasquez</createdBy>
<createdTime>2024-10-01 02:09:20 UTC</createdTime>
<ownerDesignName>Exp3_S8_Victor_Vasquez</ownerDesignName>
<importedID>65E22C18-5CB9-D3C2-B833-C64C5B52DE59</importedID>
<referredTableLongName>ESCUELA_DEPORTIVA</referredTableLongName>
<deleteRule>NO ACTION</deleteRule>
<referredTableID>55E7ADBA-5C1F-AA77-C3DB-FDB591399588</referredTableID>
<keyObject>B913DBD8-4F6A-A096-2B7B-7B2FDF26A8E5</keyObject>
<referredKeyID>B913DBD8-4F6A-A096-2B7B-7B2FDF26A8E5</referredKeyID>
<mandatory>true</mandatory>
<refColNames>id</refColNames>
<transferable>true</transferable>
<rely>false</rely>
<columnDependencyConstraintGenerateInDDL>true</columnDependencyConstraintGenerateInDDL>
</FKIndexAssociation>