<?xml version = '1.0' encoding = 'UTF-8'?>
<Diagram class="oracle.dbtools.crest.swingui.relational.DPVRelational" name="Relational_1" id="A554F163-20A5-B584-CB22-76E5001E1B5D">
<createdBy>vvasquez</createdBy>
<modifiedBy>vvasquez</modifiedBy>
<createdTime>2024-10-01 02:09:20 UTC</createdTime>
<autoRoute>false</autoRoute>
<boxInbox>true</boxInbox>
<showLegend>false</showLegend>
<showLabels>false</showLabels>
<showRelAttributes>false</showRelAttributes>
<gridEnabled>false</gridEnabled>
<showGrid>false</showGrid>
<diagramColor>-1</diagramColor>
<display>false</display>
<notation>1</notation>
<objectViews>
<OView class="oracle.dbtools.crest.swingui.relational.TVTable" oid="16DC53D6-5F50-FECD-052D-08FCEA86EA78" otype="Table" vid="4911779B-9CBB-CEEC-5255-3020BD9004D1">
<hideElementsInCurrentOnly>false</hideElementsInCurrentOnly>
<bounds x="20" y="790" width="208" height="88"/>
</OView>
<OView class="oracle.dbtools.crest.swingui.relational.TVTable" oid="35B04E06-7F09-5BDB-711D-66A903647E1D" otype="Table" vid="ACAABFD5-70EB-192C-C6CC-2F84A3867E4E">
<hideElementsInCurrentOnly>false</hideElementsInCurrentOnly>
<bounds x="588" y="566" width="239" height="150"/>
</OView>
<OView class="oracle.dbtools.crest.swingui.relational.TVTable" oid="3787E5B3-1FCE-17D1-4A9F-7756607B4253" otype="Table" vid="947140A8-ED05-F368-01B0-94D6D17F1D4E">
<hideElementsInCurrentOnly>false</hideElementsInCurrentOnly>
<bounds x="168" y="76" width="226" height="220"/>
</OView>
<OView class="oracle.dbtools.crest.swingui.relational.TVTable" oid="3BE2089B-456F-8E1D-3CB8-1135271E80AE" otype="Table" vid="A6EB9822-6F4D-553C-EFE1-95C67AFF9F61">
<hideElementsInCurrentOnly>false</hideElementsInCurrentOnly>
<bounds x="465" y="83" width="203" height="88"/>
</OView>
<OView class="oracle.dbtools.crest.swingui.relational.TVTable" oid="3CDDC407-39BD-BC6C-1EC6-40B548B204B2" otype="Table" vid="CFF5B043-1676-0EDF-DA8D-18ABE9D7427F">
<hideElementsInCurrentOnly>false</hideElementsInCurrentOnly>
<bounds x="20" y="566" width="194" height="164"/>
</OView>
<OView class="oracle.dbtools.crest.swingui.relational.TVTable" oid="55E7ADBA-5C1F-AA77-C3DB-FDB591399588" otype="Table" vid="374D4DC5-69EF-3B4B-DC2F-88F42C1A5BBD">
<hideElementsInCurrentOnly>false</hideElementsInCurrentOnly>
<bounds x="490" y="268" width="189" height="206"/>
</OView>
<OView class="oracle.dbtools.crest.swingui.relational.TVTable" oid="6D954BC4-C59B-21D9-19BD-879C6DB20A34" otype="Table" vid="22CD41A7-0200-FA54-248C-D908629D65DA">
<hideElementsInCurrentOnly>false</hideElementsInCurrentOnly>
<bounds x="588" y="776" width="239" height="88"/>
</OView>
<OView class="oracle.dbtools.crest.swingui.relational.TVTable" oid="A4B9FD3E-ECE1-79F2-72D3-6502A85B7115" otype="Table" vid="5A909DD8-FA4A-6E2D-C03D-7CBC4066CC64">
<hideElementsInCurrentOnly>false</hideElementsInCurrentOnly>
<bounds x="294" y="790" width="240" height="88"/>
</OView>
<OView class="oracle.dbtools.crest.swingui.relational.TVTable" oid="BA891E93-31AE-8EB2-7BF8-00FFF9EB2135" otype="Table" vid="0F5457AA-8594-E43B-7C8C-9D3B0E9E2291">
<hideElementsInCurrentOnly>false</hideElementsInCurrentOnly>
<bounds x="294" y="566" width="214" height="164"/>
</OView>
<OView class="oracle.dbtools.crest.swingui.relational.TVTable" oid="C7B6968B-E3D0-5A55-F9BA-8B31755F6C70" otype="Table" vid="6FCC73D9-C364-8A0F-50C5-42148D0AB8BE">
<hideElementsInCurrentOnly>false</hideElementsInCurrentOnly>
<bounds x="908" y="566" width="216" height="88"/>
</OView>
</objectViews>
<connectors>
<Connector class="oracle.dbtools.crest.swingui.relational.TVFKRelation" oid="060FE7D5-4597-5B78-62F0-D73ABD61D632" otype="FKIndexAssociation" vid_source="4911779B-9CBB-CEEC-5255-3020BD9004D1" vid_target="CFF5B043-1676-0EDF-DA8D-18ABE9D7427F">
<hideElementsInCurrentOnly>false</hideElementsInCurrentOnly>
<backgroundColor>-16777216</backgroundColor>
<lineWidth>1</lineWidth>
<points>
<point x="117" y="790"/>
<point x="117" y="730"/>
</points>
</Connector>
<Connector class="oracle.dbtools.crest.swingui.relational.TVFKRelation" oid="39408835-6B85-C825-D30E-F59E89EE6426" otype="FKIndexAssociation" vid_source="22CD41A7-0200-FA54-248C-D908629D65DA" vid_target="ACAABFD5-70EB-192C-C6CC-2F84A3867E4E">
<hideElementsInCurrentOnly>false</hideElementsInCurrentOnly>
<backgroundColor>-16777216</backgroundColor>
<lineWidth>1</lineWidth>
<points>
<point x="707" y="776"/>
<point x="707" y="716"/>
</points>
</Connector>
<Connector class="oracle.dbtools.crest.swingui.relational.TVFKRelation" oid="47CACC2E-C30A-3135-F163-41AE9A0641CC" otype="FKIndexAssociation" vid_source="374D4DC5-69EF-3B4B-DC2F-88F42C1A5BBD" vid_target="0F5457AA-8594-E43B-7C8C-9D3B0E9E2291">
<hideElementsInCurrentOnly>false</hideElementsInCurrentOnly>
<backgroundColor>-16777216</backgroundColor>
<lineWidth>1</lineWidth>
<points>
<point x="499" y="474"/>
<point x="499" y="566"/>
</points>
</Connector>
<Connector class="oracle.dbtools.crest.swingui.relational.TVFKRelation" oid="4E2DD9E3-411C-0619-768F-C64B9A99C077" otype="FKIndexAssociation" vid_source="A6EB9822-6F4D-553C-EFE1-95C67AFF9F61" vid_target="947140A8-ED05-F368-01B0-94D6D17F1D4E">
<hideElementsInCurrentOnly>false</hideElementsInCurrentOnly>
<backgroundColor>-16777216</backgroundColor>
<lineWidth>1</lineWidth>
<points>
<point x="465" y="127"/>
<point x="394" y="127"/>
</points>
</Connector>
<Connector class="oracle.dbtools.crest.swingui.relational.TVFKRelation" oid="88D86941-4A9C-2D90-49AC-B5C44D54F1FD" otype="FKIndexAssociation" vid_source="6FCC73D9-C364-8A0F-50C5-42148D0AB8BE" vid_target="374D4DC5-69EF-3B4B-DC2F-88F42C1A5BBD">
<hideElementsInCurrentOnly>false</hideElementsInCurrentOnly>
<backgroundColor>-16777216</backgroundColor>
<lineWidth>1</lineWidth>
<points>
<point x="936" y="566"/>
<point x="679" y="423"/>
</points>
</Connector>
<Connector class="oracle.dbtools.crest.swingui.relational.TVFKRelation" oid="AA985A9D-AFAB-9AEA-5F57-A26287A4FBF1" otype="FKIndexAssociation" vid_source="374D4DC5-69EF-3B4B-DC2F-88F42C1A5BBD" vid_target="ACAABFD5-70EB-192C-C6CC-2F84A3867E4E">
<hideElementsInCurrentOnly>false</hideElementsInCurrentOnly>
<backgroundColor>-16777216</backgroundColor>
<lineWidth>1</lineWidth>
<points>
<point x="633" y="474"/>
<point x="633" y="566"/>
</points>
</Connector>
<Connector class="oracle.dbtools.crest.swingui.relational.TVFKRelation" oid="DE3F5296-5A90-CE61-EB95-D7D863B54811" otype="FKIndexAssociation" vid_source="5A909DD8-FA4A-6E2D-C03D-7CBC4066CC64" vid_target="0F5457AA-8594-E43B-7C8C-9D3B0E9E2291">
<hideElementsInCurrentOnly>false</hideElementsInCurrentOnly>
<backgroundColor>-16777216</backgroundColor>
<lineWidth>1</lineWidth>
<points>
<point x="401" y="790"/>
<point x="401" y="730"/>
</points>
</Connector>
<Connector class="oracle.dbtools.crest.swingui.relational.TVFKRelation" oid="E776677B-4063-A8D0-2F50-EE43910CBDE2" otype="FKIndexAssociation" vid_source="374D4DC5-69EF-3B4B-DC2F-88F42C1A5BBD" vid_target="CFF5B043-1676-0EDF-DA8D-18ABE9D7427F">
<hideElementsInCurrentOnly>false</hideElementsInCurrentOnly>
<backgroundColor>-16777216</backgroundColor>
<lineWidth>1</lineWidth>
<points>
<point x="490" y="426"/>
<point x="214" y="590"/>
</points>
</Connector>
<Connector class="oracle.dbtools.crest.swingui.relational.TVFKRelation" oid="F52D9FA7-C60D-D757-1468-1774739655E7" otype="FKIndexAssociation" vid_source="374D4DC5-69EF-3B4B-DC2F-88F42C1A5BBD" vid_target="947140A8-ED05-F368-01B0-94D6D17F1D4E">
<hideElementsInCurrentOnly>false</hideElementsInCurrentOnly>
<backgroundColor>-16777216</backgroundColor>
<lineWidth>1</lineWidth>
<points>
<point x="490" y="282"/>
<point x="394" y="282"/>
</points>
</Connector>
</connectors>
</Diagram>