<?xml version = '1.0' encoding = 'UTF-8'?>
<relationalModel class="oracle.dbtools.crest.model.design.relational.RelationalDesign" name="Relational_1" id="26FE87D2-F42D-9673-289C-C94687C2318C" mainViewID="A554F163-20A5-B584-CB22-76E5001E1B5D">
<createdBy>vvasquez</createdBy>
<createdTime>2024-10-01 02:06:58 UTC</createdTime>
<ownerDesignName>Exp3_S8_Victor_Vasquez</ownerDesignName>
<shouldBeOpen>false</shouldBeOpen>
<selectedRDBMSSite>01F6E6D1-21D0-CFBD-ABDD-3988D1813575</selectedRDBMSSite>
<importDDLFileStamps>
<importDDLFileStamp class="oracle.dbtools.crest.imports.DDLFileStamp">
<fileName>prueba.sql</fileName>
<pathName>/home/vvasquez/Borrar</pathName>
<dbType>17</dbType>
</importDDLFileStamp>
</importDDLFileStamps>
</relationalModel>